Observation id	#15							
								
Media file(s)								
								
Player #1	C:/Users/Kimberly/Desktop/Avi Score/15.avi							
								
Observation date	2021-05-09 19:10:52							
								
Description								
								
Time offset (s)	0.000							
								
independent variables								
variable	value							
								
Time	Media file path	Total length	FPS	Subject	Behavior	Behavioral category	Comment	Status
316.319	C:/Users/Kimberly/Desktop/Avi Score/15.avi	5199.200	29.97		Dig Substrate	Reproductive		POINT
317.322	C:/Users/Kimberly/Desktop/Avi Score/15.avi	5199.200	29.97		Dig Substrate	Reproductive		POINT
319.824	C:/Users/Kimberly/Desktop/Avi Score/15.avi	5199.200	29.97		Chase	Aggressive		POINT
322.629	C:/Users/Kimberly/Desktop/Avi Score/15.avi	5199.200	29.97		Foraging	Other		POINT
322.927	C:/Users/Kimberly/Desktop/Avi Score/15.avi	5199.200	29.97		Foraging	Other		POINT
323.929	C:/Users/Kimberly/Desktop/Avi Score/15.avi	5199.200	29.97		Foraging	Other		POINT
324.929	C:/Users/Kimberly/Desktop/Avi Score/15.avi	5199.200	29.97		Foraging	Other		POINT
331.536	C:/Users/Kimberly/Desktop/Avi Score/15.avi	5199.200	29.97		Foraging	Other		POINT
337.242	C:/Users/Kimberly/Desktop/Avi Score/15.avi	5199.200	29.97		Foraging	Other		POINT
345.147	C:/Users/Kimberly/Desktop/Avi Score/15.avi	5199.200	29.97		Dig Substrate	Reproductive		POINT
348.254	C:/Users/Kimberly/Desktop/Avi Score/15.avi	5199.200	29.97		Dig Substrate	Reproductive		POINT
349.754	C:/Users/Kimberly/Desktop/Avi Score/15.avi	5199.200	29.97		Dig Substrate	Reproductive		POINT
351.256	C:/Users/Kimberly/Desktop/Avi Score/15.avi	5199.200	29.97		Dig Substrate	Reproductive		POINT
351.958	C:/Users/Kimberly/Desktop/Avi Score/15.avi	5199.200	29.97		Dig Substrate	Reproductive		POINT
353.258	C:/Users/Kimberly/Desktop/Avi Score/15.avi	5199.200	29.97		Dig Substrate	Reproductive		POINT
357.861	C:/Users/Kimberly/Desktop/Avi Score/15.avi	5199.200	29.97		Dig Substrate	Reproductive		POINT
359.970	C:/Users/Kimberly/Desktop/Avi Score/15.avi	5199.200	29.97		Dig Substrate	Reproductive		POINT
362.668	C:/Users/Kimberly/Desktop/Avi Score/15.avi	5199.200	29.97		Dig Substrate	Reproductive		POINT
367.275	C:/Users/Kimberly/Desktop/Avi Score/15.avi	5199.200	29.97		Dig Substrate	Reproductive		POINT
369.573	C:/Users/Kimberly/Desktop/Avi Score/15.avi	5199.200	29.97		Dig Substrate	Reproductive		POINT
378.283	C:/Users/Kimberly/Desktop/Avi Score/15.avi	5199.200	29.97		Dig Substrate	Reproductive		POINT
379.282	C:/Users/Kimberly/Desktop/Avi Score/15.avi	5199.200	29.97		Dig Substrate	Reproductive		POINT
382.287	C:/Users/Kimberly/Desktop/Avi Score/15.avi	5199.200	29.97		Quiver	Reproductive		POINT
386.489	C:/Users/Kimberly/Desktop/Avi Score/15.avi	5199.200	29.97		Quiver	Reproductive		POINT
388.493	C:/Users/Kimberly/Desktop/Avi Score/15.avi	5199.200	29.97		Quiver	Reproductive		POINT
389.794	C:/Users/Kimberly/Desktop/Avi Score/15.avi	5199.200	29.97		Quiver	Reproductive		POINT
395.698	C:/Users/Kimberly/Desktop/Avi Score/15.avi	5199.200	29.97		Foraging	Other		POINT
396.501	C:/Users/Kimberly/Desktop/Avi Score/15.avi	5199.200	29.97		Foraging	Other		POINT
396.999	C:/Users/Kimberly/Desktop/Avi Score/15.avi	5199.200	29.97		Foraging	Other		POINT
401.307	C:/Users/Kimberly/Desktop/Avi Score/15.avi	5199.200	29.97		Dig Substrate	Reproductive		POINT
405.111	C:/Users/Kimberly/Desktop/Avi Score/15.avi	5199.200	29.97		Dig Substrate	Reproductive		POINT
407.409	C:/Users/Kimberly/Desktop/Avi Score/15.avi	5199.200	29.97		Foraging	Other		POINT
407.409	C:/Users/Kimberly/Desktop/Avi Score/15.avi	5199.200	29.97		Scrape	Aggressive		POINT
408.514	C:/Users/Kimberly/Desktop/Avi Score/15.avi	5199.200	29.97		Scrape	Aggressive		POINT
410.814	C:/Users/Kimberly/Desktop/Avi Score/15.avi	5199.200	29.97		Foraging	Other		POINT
411.817	C:/Users/Kimberly/Desktop/Avi Score/15.avi	5199.200	29.97		Foraging	Other		POINT
412.318	C:/Users/Kimberly/Desktop/Avi Score/15.avi	5199.200	29.97		Foraging	Other		POINT
413.315	C:/Users/Kimberly/Desktop/Avi Score/15.avi	5199.200	29.97		Scrape	Aggressive		POINT
414.920	C:/Users/Kimberly/Desktop/Avi Score/15.avi	5199.200	29.97		Scrape	Aggressive		POINT
415.919	C:/Users/Kimberly/Desktop/Avi Score/15.avi	5199.200	29.97		Scrape	Aggressive		POINT
417.723	C:/Users/Kimberly/Desktop/Avi Score/15.avi	5199.200	29.97		Scrape	Aggressive		POINT
418.221	C:/Users/Kimberly/Desktop/Avi Score/15.avi	5199.200	29.97		Scrape	Aggressive		POINT
419.023	C:/Users/Kimberly/Desktop/Avi Score/15.avi	5199.200	29.97		Scrape	Aggressive		POINT
419.222	C:/Users/Kimberly/Desktop/Avi Score/15.avi	5199.200	29.97		Scrape	Aggressive		POINT
420.224	C:/Users/Kimberly/Desktop/Avi Score/15.avi	5199.200	29.97		Scrape	Aggressive		POINT
420.726	C:/Users/Kimberly/Desktop/Avi Score/15.avi	5199.200	29.97		Scrape	Aggressive		POINT
421.225	C:/Users/Kimberly/Desktop/Avi Score/15.avi	5199.200	29.97		Scrape	Aggressive		POINT
424.029	C:/Users/Kimberly/Desktop/Avi Score/15.avi	5199.200	29.97		Chase	Aggressive		POINT
426.631	C:/Users/Kimberly/Desktop/Avi Score/15.avi	5199.200	29.97		Foraging	Other		POINT
427.133	C:/Users/Kimberly/Desktop/Avi Score/15.avi	5199.200	29.97		Foraging	Other		POINT
433.536	C:/Users/Kimberly/Desktop/Avi Score/15.avi	5199.200	29.97		Dig Substrate	Reproductive		POINT
436.041	C:/Users/Kimberly/Desktop/Avi Score/15.avi	5199.200	29.97		Dig Substrate	Reproductive		POINT
437.142	C:/Users/Kimberly/Desktop/Avi Score/15.avi	5199.200	29.97		Dig Substrate	Reproductive		POINT
438.343	C:/Users/Kimberly/Desktop/Avi Score/15.avi	5199.200	29.97		Dig Substrate	Reproductive		POINT
440.148	C:/Users/Kimberly/Desktop/Avi Score/15.avi	5199.200	29.97		Dig Substrate	Reproductive		POINT
441.147	C:/Users/Kimberly/Desktop/Avi Score/15.avi	5199.200	29.97		Dig Substrate	Reproductive		POINT
442.648	C:/Users/Kimberly/Desktop/Avi Score/15.avi	5199.200	29.97		Dig Substrate	Reproductive		POINT
445.446	C:/Users/Kimberly/Desktop/Avi Score/15.avi	5199.200	29.97		Dig Substrate	Reproductive		POINT
447.753	C:/Users/Kimberly/Desktop/Avi Score/15.avi	5199.200	29.97		Dig Substrate	Reproductive		POINT
450.856	C:/Users/Kimberly/Desktop/Avi Score/15.avi	5199.200	29.97		Dig Substrate	Reproductive		POINT
452.357	C:/Users/Kimberly/Desktop/Avi Score/15.avi	5199.200	29.97		Dig Substrate	Reproductive		POINT
452.859	C:/Users/Kimberly/Desktop/Avi Score/15.avi	5199.200	29.97		Dig Substrate	Reproductive		POINT
454.157	C:/Users/Kimberly/Desktop/Avi Score/15.avi	5199.200	29.97		Dig Substrate	Reproductive		POINT
458.462	C:/Users/Kimberly/Desktop/Avi Score/15.avi	5199.200	29.97		Dig Substrate	Reproductive		POINT
459.265	C:/Users/Kimberly/Desktop/Avi Score/15.avi	5199.200	29.97		Dig Substrate	Reproductive		POINT
460.262	C:/Users/Kimberly/Desktop/Avi Score/15.avi	5199.200	29.97		Dig Substrate	Reproductive		POINT
461.563	C:/Users/Kimberly/Desktop/Avi Score/15.avi	5199.200	29.97		Dig Substrate	Reproductive		POINT
463.369	C:/Users/Kimberly/Desktop/Avi Score/15.avi	5199.200	29.97		Dig Substrate	Reproductive		POINT
464.370	C:/Users/Kimberly/Desktop/Avi Score/15.avi	5199.200	29.97		Dig Substrate	Reproductive		POINT
465.871	C:/Users/Kimberly/Desktop/Avi Score/15.avi	5199.200	29.97		Dig Substrate	Reproductive		POINT
467.371	C:/Users/Kimberly/Desktop/Avi Score/15.avi	5199.200	29.97		Dig Substrate	Reproductive		POINT
470.477	C:/Users/Kimberly/Desktop/Avi Score/15.avi	5199.200	29.97		Dig Substrate	Reproductive		POINT
472.076	C:/Users/Kimberly/Desktop/Avi Score/15.avi	5199.200	29.97		Dig Substrate	Reproductive		POINT
473.879	C:/Users/Kimberly/Desktop/Avi Score/15.avi	5199.200	29.97		Dig Substrate	Reproductive		POINT
475.080	C:/Users/Kimberly/Desktop/Avi Score/15.avi	5199.200	29.97		Dig Substrate	Reproductive		POINT
477.180	C:/Users/Kimberly/Desktop/Avi Score/15.avi	5199.200	29.97		Dig Substrate	Reproductive		POINT
478.184	C:/Users/Kimberly/Desktop/Avi Score/15.avi	5199.200	29.97		Dig Substrate	Reproductive		POINT
480.786	C:/Users/Kimberly/Desktop/Avi Score/15.avi	5199.200	29.97		Dig Substrate	Reproductive		POINT
487.392	C:/Users/Kimberly/Desktop/Avi Score/15.avi	5199.200	29.97		Dig Substrate	Reproductive		POINT
487.893	C:/Users/Kimberly/Desktop/Avi Score/15.avi	5199.200	29.97		Dig Substrate	Reproductive		POINT
493.296	C:/Users/Kimberly/Desktop/Avi Score/15.avi	5199.200	29.97		Dig Substrate	Reproductive		POINT
495.802	C:/Users/Kimberly/Desktop/Avi Score/15.avi	5199.200	29.97		Dig Substrate	Reproductive		POINT
509.415	C:/Users/Kimberly/Desktop/Avi Score/15.avi	5199.200	29.97		Lead	Reproductive		POINT
509.415	C:/Users/Kimberly/Desktop/Avi Score/15.avi	5199.200	29.97		Scrape	Aggressive		POINT
514.419	C:/Users/Kimberly/Desktop/Avi Score/15.avi	5199.200	29.97		Border Fight	Aggressive		POINT
521.432	C:/Users/Kimberly/Desktop/Avi Score/15.avi	5199.200	29.97		Foraging	Other		POINT
525.227	C:/Users/Kimberly/Desktop/Avi Score/15.avi	5199.200	29.97		Foraging	Other		POINT
528.333	C:/Users/Kimberly/Desktop/Avi Score/15.avi	5199.200	29.97		Dig Substrate	Reproductive		POINT
532.636	C:/Users/Kimberly/Desktop/Avi Score/15.avi	5199.200	29.97		Lead	Reproductive		POINT
534.438	C:/Users/Kimberly/Desktop/Avi Score/15.avi	5199.200	29.97		Border Fight	Aggressive		POINT
534.438	C:/Users/Kimberly/Desktop/Avi Score/15.avi	5199.200	29.97		Chase	Aggressive		POINT
536.942	C:/Users/Kimberly/Desktop/Avi Score/15.avi	5199.200	29.97		Chase	Aggressive		POINT
543.647	C:/Users/Kimberly/Desktop/Avi Score/15.avi	5199.200	29.97		Dig Substrate	Reproductive		POINT
546.951	C:/Users/Kimberly/Desktop/Avi Score/15.avi	5199.200	29.97		Foraging	Other		POINT
552.556	C:/Users/Kimberly/Desktop/Avi Score/15.avi	5199.200	29.97		Foraging	Other		POINT
558.664	C:/Users/Kimberly/Desktop/Avi Score/15.avi	5199.200	29.97		Dig Substrate	Reproductive		POINT
561.266	C:/Users/Kimberly/Desktop/Avi Score/15.avi	5199.200	29.97		Lead	Reproductive		POINT
565.770	C:/Users/Kimberly/Desktop/Avi Score/15.avi	5199.200	29.97		Lead	Reproductive		POINT
572.074	C:/Users/Kimberly/Desktop/Avi Score/15.avi	5199.200	29.97		Dig Substrate	Reproductive		POINT
572.877	C:/Users/Kimberly/Desktop/Avi Score/15.avi	5199.200	29.97		Dig Substrate	Reproductive		POINT
577.882	C:/Users/Kimberly/Desktop/Avi Score/15.avi	5199.200	29.97		Lead	Reproductive		POINT
580.486	C:/Users/Kimberly/Desktop/Avi Score/15.avi	5199.200	29.97		Dig Substrate	Reproductive		POINT
585.590	C:/Users/Kimberly/Desktop/Avi Score/15.avi	5199.200	29.97		Lateral Side Display	Aggressive		POINT
587.093	C:/Users/Kimberly/Desktop/Avi Score/15.avi	5199.200	29.97		Lead	Reproductive		POINT
587.093	C:/Users/Kimberly/Desktop/Avi Score/15.avi	5199.200	29.97		Quiver	Reproductive		POINT
594.701	C:/Users/Kimberly/Desktop/Avi Score/15.avi	5199.200	29.97		Dig Substrate	Reproductive		POINT
595.800	C:/Users/Kimberly/Desktop/Avi Score/15.avi	5199.200	29.97		Dig Substrate	Reproductive		POINT
597.000	C:/Users/Kimberly/Desktop/Avi Score/15.avi	5199.200	29.97		Dig Substrate	Reproductive		POINT
599.105	C:/Users/Kimberly/Desktop/Avi Score/15.avi	5199.200	29.97		Dig Substrate	Reproductive		POINT
604.911	C:/Users/Kimberly/Desktop/Avi Score/15.avi	5199.200	29.97		Lead	Reproductive		POINT
606.515	C:/Users/Kimberly/Desktop/Avi Score/15.avi	5199.200	29.97		Lead	Reproductive		POINT
613.417	C:/Users/Kimberly/Desktop/Avi Score/15.avi	5199.200	29.97		Lead	Reproductive		POINT
617.723	C:/Users/Kimberly/Desktop/Avi Score/15.avi	5199.200	29.97		Foraging	Other		POINT
625.930	C:/Users/Kimberly/Desktop/Avi Score/15.avi	5199.200	29.97		Lead	Reproductive		POINT
627.931	C:/Users/Kimberly/Desktop/Avi Score/15.avi	5199.200	29.97		Foraging	Other		POINT
628.933	C:/Users/Kimberly/Desktop/Avi Score/15.avi	5199.200	29.97		Foraging	Other		POINT
630.735	C:/Users/Kimberly/Desktop/Avi Score/15.avi	5199.200	29.97		Foraging	Other		POINT
635.640	C:/Users/Kimberly/Desktop/Avi Score/15.avi	5199.200	29.97		Foraging	Other		POINT
636.140	C:/Users/Kimberly/Desktop/Avi Score/15.avi	5199.200	29.97		Foraging	Other		POINT
640.444	C:/Users/Kimberly/Desktop/Avi Score/15.avi	5199.200	29.97		Lead	Reproductive		POINT
643.848	C:/Users/Kimberly/Desktop/Avi Score/15.avi	5199.200	29.97		Lead	Reproductive		POINT
662.866	C:/Users/Kimberly/Desktop/Avi Score/15.avi	5199.200	29.97		Quiver	Reproductive		POINT
665.170	C:/Users/Kimberly/Desktop/Avi Score/15.avi	5199.200	29.97		Lead	Reproductive		POINT
678.379	C:/Users/Kimberly/Desktop/Avi Score/15.avi	5199.200	29.97		Foraging	Other		POINT
683.788	C:/Users/Kimberly/Desktop/Avi Score/15.avi	5199.200	29.97		Dig Substrate	Reproductive		POINT
685.788	C:/Users/Kimberly/Desktop/Avi Score/15.avi	5199.200	29.97		Lead	Reproductive		POINT
689.095	C:/Users/Kimberly/Desktop/Avi Score/15.avi	5199.200	29.97		Lead	Reproductive		POINT
691.997	C:/Users/Kimberly/Desktop/Avi Score/15.avi	5199.200	29.97		Lead	Reproductive		POINT
692.697	C:/Users/Kimberly/Desktop/Avi Score/15.avi	5199.200	29.97		Lead	Reproductive		POINT
696.498	C:/Users/Kimberly/Desktop/Avi Score/15.avi	5199.200	29.97		Lead	Reproductive		POINT
700.604	C:/Users/Kimberly/Desktop/Avi Score/15.avi	5199.200	29.97		Lead	Reproductive		POINT
704.709	C:/Users/Kimberly/Desktop/Avi Score/15.avi	5199.200	29.97		Lead	Reproductive		POINT
704.909	C:/Users/Kimberly/Desktop/Avi Score/15.avi	5199.200	29.97		Scrape	Aggressive		POINT
711.117	C:/Users/Kimberly/Desktop/Avi Score/15.avi	5199.200	29.97		Foraging	Other		POINT
719.127	C:/Users/Kimberly/Desktop/Avi Score/15.avi	5199.200	29.97		Foraging	Other		POINT
725.530	C:/Users/Kimberly/Desktop/Avi Score/15.avi	5199.200	29.97		Lead	Reproductive		POINT
728.834	C:/Users/Kimberly/Desktop/Avi Score/15.avi	5199.200	29.97		Lead	Reproductive		POINT
730.835	C:/Users/Kimberly/Desktop/Avi Score/15.avi	5199.200	29.97		Lead	Reproductive		POINT
731.938	C:/Users/Kimberly/Desktop/Avi Score/15.avi	5199.200	29.97		Lead	Reproductive		POINT
736.741	C:/Users/Kimberly/Desktop/Avi Score/15.avi	5199.200	29.97		Quiver	Reproductive		POINT
739.848	C:/Users/Kimberly/Desktop/Avi Score/15.avi	5199.200	29.97		Lead	Reproductive		POINT
739.848	C:/Users/Kimberly/Desktop/Avi Score/15.avi	5199.200	29.97		Quiver	Reproductive		POINT
742.743	C:/Users/Kimberly/Desktop/Avi Score/15.avi	5199.200	29.97		Lead	Reproductive		POINT
745.049	C:/Users/Kimberly/Desktop/Avi Score/15.avi	5199.200	29.97		Foraging	Other		POINT
747.651	C:/Users/Kimberly/Desktop/Avi Score/15.avi	5199.200	29.97		Lead	Reproductive		POINT
753.257	C:/Users/Kimberly/Desktop/Avi Score/15.avi	5199.200	29.97		Chase	Aggressive		POINT
755.857	C:/Users/Kimberly/Desktop/Avi Score/15.avi	5199.200	29.97		Lead	Reproductive		POINT
758.463	C:/Users/Kimberly/Desktop/Avi Score/15.avi	5199.200	29.97		Lead	Reproductive		POINT
760.462	C:/Users/Kimberly/Desktop/Avi Score/15.avi	5199.200	29.97		Lead	Reproductive		POINT
766.068	C:/Users/Kimberly/Desktop/Avi Score/15.avi	5199.200	29.97		Lead	Reproductive		POINT
766.671	C:/Users/Kimberly/Desktop/Avi Score/15.avi	5199.200	29.97		Lead	Reproductive		POINT
776.782	C:/Users/Kimberly/Desktop/Avi Score/15.avi	5199.200	29.97		Lead	Reproductive		POINT
777.481	C:/Users/Kimberly/Desktop/Avi Score/15.avi	5199.200	29.97		Quiver	Reproductive		POINT
780.284	C:/Users/Kimberly/Desktop/Avi Score/15.avi	5199.200	29.97		Lead	Reproductive		POINT
782.584	C:/Users/Kimberly/Desktop/Avi Score/15.avi	5199.200	29.97		Lead	Reproductive		POINT
790.194	C:/Users/Kimberly/Desktop/Avi Score/15.avi	5199.200	29.97		Foraging	Other		POINT
790.995	C:/Users/Kimberly/Desktop/Avi Score/15.avi	5199.200	29.97		Foraging	Other		POINT
800.105	C:/Users/Kimberly/Desktop/Avi Score/15.avi	5199.200	29.97		Lead	Reproductive		POINT
801.904	C:/Users/Kimberly/Desktop/Avi Score/15.avi	5199.200	29.97		Chase	Aggressive		POINT
802.707	C:/Users/Kimberly/Desktop/Avi Score/15.avi	5199.200	29.97		Lateral Side Display	Aggressive		POINT
814.019	C:/Users/Kimberly/Desktop/Avi Score/15.avi	5199.200	29.97		Lead	Reproductive		POINT
816.319	C:/Users/Kimberly/Desktop/Avi Score/15.avi	5199.200	29.97		Lead	Reproductive		POINT
824.731	C:/Users/Kimberly/Desktop/Avi Score/15.avi	5199.200	29.97		Foraging	Other		POINT
825.231	C:/Users/Kimberly/Desktop/Avi Score/15.avi	5199.200	29.97		Foraging	Other		POINT
829.731	C:/Users/Kimberly/Desktop/Avi Score/15.avi	5199.200	29.97		Lead	Reproductive		POINT
833.040	C:/Users/Kimberly/Desktop/Avi Score/15.avi	5199.200	29.97		Foraging	Other		POINT
835.638	C:/Users/Kimberly/Desktop/Avi Score/15.avi	5199.200	29.97		Quiver	Reproductive		POINT
836.941	C:/Users/Kimberly/Desktop/Avi Score/15.avi	5199.200	29.97		Lead	Reproductive		POINT
839.743	C:/Users/Kimberly/Desktop/Avi Score/15.avi	5199.200	29.97		Lead	Reproductive		POINT
845.147	C:/Users/Kimberly/Desktop/Avi Score/15.avi	5199.200	29.97		Foraging	Other		POINT
845.950	C:/Users/Kimberly/Desktop/Avi Score/15.avi	5199.200	29.97		Foraging	Other		POINT
846.650	C:/Users/Kimberly/Desktop/Avi Score/15.avi	5199.200	29.97		Foraging	Other		POINT
852.556	C:/Users/Kimberly/Desktop/Avi Score/15.avi	5199.200	29.97		Dig Substrate	Reproductive		POINT
866.071	C:/Users/Kimberly/Desktop/Avi Score/15.avi	5199.200	29.97		Dig Substrate	Reproductive		POINT
872.477	C:/Users/Kimberly/Desktop/Avi Score/15.avi	5199.200	29.97		Dig Substrate	Reproductive		POINT
879.284	C:/Users/Kimberly/Desktop/Avi Score/15.avi	5199.200	29.97		Foraging	Other		POINT
889.394	C:/Users/Kimberly/Desktop/Avi Score/15.avi	5199.200	29.97		Entry/Exit Pot	Reproductive		POINT
889.394	C:/Users/Kimberly/Desktop/Avi Score/15.avi	5199.200	29.97		Quiver	Reproductive		POINT
890.495	C:/Users/Kimberly/Desktop/Avi Score/15.avi	5199.200	29.97		Pot Dig	Reproductive		POINT
892.296	C:/Users/Kimberly/Desktop/Avi Score/15.avi	5199.200	29.97		Pot Dig	Reproductive		POINT
893.798	C:/Users/Kimberly/Desktop/Avi Score/15.avi	5199.200	29.97		Pot Dig	Reproductive		POINT
897.302	C:/Users/Kimberly/Desktop/Avi Score/15.avi	5199.200	29.97		Pot Dig	Reproductive		POINT
903.507	C:/Users/Kimberly/Desktop/Avi Score/15.avi	5199.200	29.97		Pot Dig	Reproductive		POINT
907.812	C:/Users/Kimberly/Desktop/Avi Score/15.avi	5199.200	29.97		Pot Dig	Reproductive		POINT
910.614	C:/Users/Kimberly/Desktop/Avi Score/15.avi	5199.200	29.97		Pot Dig	Reproductive		POINT
914.815	C:/Users/Kimberly/Desktop/Avi Score/15.avi	5199.200	29.97		Pot Dig	Reproductive		POINT
918.925	C:/Users/Kimberly/Desktop/Avi Score/15.avi	5199.200	29.97		Pot Dig	Reproductive		POINT
923.525	C:/Users/Kimberly/Desktop/Avi Score/15.avi	5199.200	29.97		Entry/Exit Pot	Reproductive		POINT
928.433	C:/Users/Kimberly/Desktop/Avi Score/15.avi	5199.200	29.97		Foraging	Other		POINT
932.938	C:/Users/Kimberly/Desktop/Avi Score/15.avi	5199.200	29.97		Lead	Reproductive		POINT
940.245	C:/Users/Kimberly/Desktop/Avi Score/15.avi	5199.200	29.97		Foraging	Other		POINT
955.760	C:/Users/Kimberly/Desktop/Avi Score/15.avi	5199.200	29.97		Lead	Reproductive		POINT
964.766	C:/Users/Kimberly/Desktop/Avi Score/15.avi	5199.200	29.97		Lead	Reproductive		POINT
971.073	C:/Users/Kimberly/Desktop/Avi Score/15.avi	5199.200	29.97		Dig Substrate	Reproductive		POINT
973.377	C:/Users/Kimberly/Desktop/Avi Score/15.avi	5199.200	29.97		Dig Substrate	Reproductive		POINT
975.381	C:/Users/Kimberly/Desktop/Avi Score/15.avi	5199.200	29.97		Dig Substrate	Reproductive		POINT
978.784	C:/Users/Kimberly/Desktop/Avi Score/15.avi	5199.200	29.97		Foraging	Other		POINT
978.982	C:/Users/Kimberly/Desktop/Avi Score/15.avi	5199.200	29.97		Foraging	Other		POINT
984.390	C:/Users/Kimberly/Desktop/Avi Score/15.avi	5199.200	29.97		Chase	Aggressive		POINT
984.586	C:/Users/Kimberly/Desktop/Avi Score/15.avi	5199.200	29.97		Scrape	Aggressive		POINT
988.192	C:/Users/Kimberly/Desktop/Avi Score/15.avi	5199.200	29.97		Foraging	Other		POINT
988.694	C:/Users/Kimberly/Desktop/Avi Score/15.avi	5199.200	29.97		Foraging	Other		POINT
990.495	C:/Users/Kimberly/Desktop/Avi Score/15.avi	5199.200	29.97		Foraging	Other		POINT
996.102	C:/Users/Kimberly/Desktop/Avi Score/15.avi	5199.200	29.97		Lead	Reproductive		POINT
997.903	C:/Users/Kimberly/Desktop/Avi Score/15.avi	5199.200	29.97		Foraging	Other		POINT
998.403	C:/Users/Kimberly/Desktop/Avi Score/15.avi	5199.200	29.97		Foraging	Other		POINT
1001.505	C:/Users/Kimberly/Desktop/Avi Score/15.avi	5199.200	29.97		Lead	Reproductive		POINT
1003.908	C:/Users/Kimberly/Desktop/Avi Score/15.avi	5199.200	29.97		Border Fight	Aggressive		POINT
1003.908	C:/Users/Kimberly/Desktop/Avi Score/15.avi	5199.200	29.97		Chase	Aggressive		POINT
1005.111	C:/Users/Kimberly/Desktop/Avi Score/15.avi	5199.200	29.97		Quiver	Reproductive		POINT
1016.721	C:/Users/Kimberly/Desktop/Avi Score/15.avi	5199.200	29.97		Lead	Reproductive		POINT
1019.326	C:/Users/Kimberly/Desktop/Avi Score/15.avi	5199.200	29.97		Lead	Reproductive		POINT
1019.522	C:/Users/Kimberly/Desktop/Avi Score/15.avi	5199.200	29.97		Dig Substrate	Reproductive		POINT
1022.928	C:/Users/Kimberly/Desktop/Avi Score/15.avi	5199.200	29.97		Dig Substrate	Reproductive		POINT
1024.729	C:/Users/Kimberly/Desktop/Avi Score/15.avi	5199.200	29.97		Dig Substrate	Reproductive		POINT
1028.233	C:/Users/Kimberly/Desktop/Avi Score/15.avi	5199.200	29.97		Dig Substrate	Reproductive		POINT
1030.035	C:/Users/Kimberly/Desktop/Avi Score/15.avi	5199.200	29.97		Lead	Reproductive		POINT
1031.636	C:/Users/Kimberly/Desktop/Avi Score/15.avi	5199.200	29.97		Foraging	Other		POINT
1040.442	C:/Users/Kimberly/Desktop/Avi Score/15.avi	5199.200	29.97		Dig Substrate	Reproductive		POINT
1045.350	C:/Users/Kimberly/Desktop/Avi Score/15.avi	5199.200	29.97		Foraging	Other		POINT
1047.649	C:/Users/Kimberly/Desktop/Avi Score/15.avi	5199.200	29.97		Foraging	Other		POINT
1047.952	C:/Users/Kimberly/Desktop/Avi Score/15.avi	5199.200	29.97		Foraging	Other		POINT
1048.651	C:/Users/Kimberly/Desktop/Avi Score/15.avi	5199.200	29.97		Foraging	Other		POINT
1050.254	C:/Users/Kimberly/Desktop/Avi Score/15.avi	5199.200	29.97		Foraging	Other		POINT
1052.753	C:/Users/Kimberly/Desktop/Avi Score/15.avi	5199.200	29.97		Lead	Reproductive		POINT
1057.361	C:/Users/Kimberly/Desktop/Avi Score/15.avi	5199.200	29.97		Chase	Aggressive		POINT
1062.967	C:/Users/Kimberly/Desktop/Avi Score/15.avi	5199.200	29.97		Chase	Aggressive		POINT
1064.068	C:/Users/Kimberly/Desktop/Avi Score/15.avi	5199.200	29.97		Scrape	Aggressive		POINT
1065.370	C:/Users/Kimberly/Desktop/Avi Score/15.avi	5199.200	29.97		Foraging	Other		POINT
1065.568	C:/Users/Kimberly/Desktop/Avi Score/15.avi	5199.200	29.97		Foraging	Other		POINT
1070.974	C:/Users/Kimberly/Desktop/Avi Score/15.avi	5199.200	29.97		Lead	Reproductive		POINT
1073.976	C:/Users/Kimberly/Desktop/Avi Score/15.avi	5199.200	29.97		Chase	Aggressive		POINT
1078.282	C:/Users/Kimberly/Desktop/Avi Score/15.avi	5199.200	29.97		Border Fight	Aggressive		POINT
1081.486	C:/Users/Kimberly/Desktop/Avi Score/15.avi	5199.200	29.97		Foraging	Other		POINT
1082.987	C:/Users/Kimberly/Desktop/Avi Score/15.avi	5199.200	29.97		Foraging	Other		POINT
1086.989	C:/Users/Kimberly/Desktop/Avi Score/15.avi	5199.200	29.97		Chase	Aggressive		POINT
1086.989	C:/Users/Kimberly/Desktop/Avi Score/15.avi	5199.200	29.97		Scrape	Aggressive		POINT
1091.896	C:/Users/Kimberly/Desktop/Avi Score/15.avi	5199.200	29.97		Lead	Reproductive		POINT
1096.200	C:/Users/Kimberly/Desktop/Avi Score/15.avi	5199.200	29.97		Foraging	Other		POINT
1100.803	C:/Users/Kimberly/Desktop/Avi Score/15.avi	5199.200	29.97		Chase	Aggressive		POINT
1103.104	C:/Users/Kimberly/Desktop/Avi Score/15.avi	5199.200	29.97		Scrape	Aggressive		POINT
1107.511	C:/Users/Kimberly/Desktop/Avi Score/15.avi	5199.200	29.97		Lead	Reproductive		POINT
1108.809	C:/Users/Kimberly/Desktop/Avi Score/15.avi	5199.200	29.97		Lead	Reproductive		POINT
1115.419	C:/Users/Kimberly/Desktop/Avi Score/15.avi	5199.200	29.97		Dig Substrate	Reproductive		POINT
1116.420	C:/Users/Kimberly/Desktop/Avi Score/15.avi	5199.200	29.97		Dig Substrate	Reproductive		POINT
1117.923	C:/Users/Kimberly/Desktop/Avi Score/15.avi	5199.200	29.97		Lead	Reproductive		POINT
1120.324	C:/Users/Kimberly/Desktop/Avi Score/15.avi	5199.200	29.97		Foraging	Other		POINT
1121.825	C:/Users/Kimberly/Desktop/Avi Score/15.avi	5199.200	29.97		Foraging	Other		POINT
1126.432	C:/Users/Kimberly/Desktop/Avi Score/15.avi	5199.200	29.97		Dig Substrate	Reproductive		POINT
1129.435	C:/Users/Kimberly/Desktop/Avi Score/15.avi	5199.200	29.97		Dig Substrate	Reproductive		POINT
1132.937	C:/Users/Kimberly/Desktop/Avi Score/15.avi	5199.200	29.97		Dig Substrate	Reproductive		POINT
1134.935	C:/Users/Kimberly/Desktop/Avi Score/15.avi	5199.200	29.97		Dig Substrate	Reproductive		POINT
1136.441	C:/Users/Kimberly/Desktop/Avi Score/15.avi	5199.200	29.97		Dig Substrate	Reproductive		POINT
1137.438	C:/Users/Kimberly/Desktop/Avi Score/15.avi	5199.200	29.97		Dig Substrate	Reproductive		POINT
1138.442	C:/Users/Kimberly/Desktop/Avi Score/15.avi	5199.200	29.97		Dig Substrate	Reproductive		POINT
1140.244	C:/Users/Kimberly/Desktop/Avi Score/15.avi	5199.200	29.97		Dig Substrate	Reproductive		POINT
1143.848	C:/Users/Kimberly/Desktop/Avi Score/15.avi	5199.200	29.97		Dig Substrate	Reproductive		POINT
1145.548	C:/Users/Kimberly/Desktop/Avi Score/15.avi	5199.200	29.97		Dig Substrate	Reproductive		POINT
1148.152	C:/Users/Kimberly/Desktop/Avi Score/15.avi	5199.200	29.97		Dig Substrate	Reproductive		POINT
1149.454	C:/Users/Kimberly/Desktop/Avi Score/15.avi	5199.200	29.97		Dig Substrate	Reproductive		POINT
1161.165	C:/Users/Kimberly/Desktop/Avi Score/15.avi	5199.200	29.97		Chase	Aggressive		POINT
1161.667	C:/Users/Kimberly/Desktop/Avi Score/15.avi	5199.200	29.97		Border Fight	Aggressive		POINT
1166.570	C:/Users/Kimberly/Desktop/Avi Score/15.avi	5199.200	29.97		Foraging	Other		POINT
1168.072	C:/Users/Kimberly/Desktop/Avi Score/15.avi	5199.200	29.97		Foraging	Other		POINT
1170.072	C:/Users/Kimberly/Desktop/Avi Score/15.avi	5199.200	29.97		Foraging	Other		POINT
1176.283	C:/Users/Kimberly/Desktop/Avi Score/15.avi	5199.200	29.97		Foraging	Other		POINT
1180.882	C:/Users/Kimberly/Desktop/Avi Score/15.avi	5199.200	29.97		Lead	Reproductive		POINT
1183.484	C:/Users/Kimberly/Desktop/Avi Score/15.avi	5199.200	29.97		Lead	Reproductive		POINT
1196.899	C:/Users/Kimberly/Desktop/Avi Score/15.avi	5199.200	29.97		Chase	Aggressive		POINT
1199.504	C:/Users/Kimberly/Desktop/Avi Score/15.avi	5199.200	29.97		Quiver	Reproductive		POINT
1204.808	C:/Users/Kimberly/Desktop/Avi Score/15.avi	5199.200	29.97		Lead	Reproductive		POINT
1212.117	C:/Users/Kimberly/Desktop/Avi Score/15.avi	5199.200	29.97		Foraging	Other		POINT
1217.019	C:/Users/Kimberly/Desktop/Avi Score/15.avi	5199.200	29.97		Lead	Reproductive		POINT
1220.327	C:/Users/Kimberly/Desktop/Avi Score/15.avi	5199.200	29.97		Chase	Aggressive		POINT
1220.327	C:/Users/Kimberly/Desktop/Avi Score/15.avi	5199.200	29.97		Foraging	Other		POINT
1222.527	C:/Users/Kimberly/Desktop/Avi Score/15.avi	5199.200	29.97		Chase	Aggressive		POINT
1222.527	C:/Users/Kimberly/Desktop/Avi Score/15.avi	5199.200	29.97		Lateral Side Display	Aggressive		POINT
1222.527	C:/Users/Kimberly/Desktop/Avi Score/15.avi	5199.200	29.97		Scrape	Aggressive		POINT
1223.726	C:/Users/Kimberly/Desktop/Avi Score/15.avi	5199.200	29.97		Border Fight	Aggressive		POINT
1227.932	C:/Users/Kimberly/Desktop/Avi Score/15.avi	5199.200	29.97		Lead	Reproductive		POINT
1231.234	C:/Users/Kimberly/Desktop/Avi Score/15.avi	5199.200	29.97		Chase	Aggressive		POINT
1231.837	C:/Users/Kimberly/Desktop/Avi Score/15.avi	5199.200	29.97		Foraging	Other		POINT
1236.040	C:/Users/Kimberly/Desktop/Avi Score/15.avi	5199.200	29.97		Border Fight	Aggressive		POINT
1236.040	C:/Users/Kimberly/Desktop/Avi Score/15.avi	5199.200	29.97		Chase	Aggressive		POINT
1242.446	C:/Users/Kimberly/Desktop/Avi Score/15.avi	5199.200	29.97		Lead	Reproductive		POINT
1246.049	C:/Users/Kimberly/Desktop/Avi Score/15.avi	5199.200	29.97		Lead	Reproductive		POINT
1249.653	C:/Users/Kimberly/Desktop/Avi Score/15.avi	5199.200	29.97		Foraging	Other		POINT
1252.253	C:/Users/Kimberly/Desktop/Avi Score/15.avi	5199.200	29.97		Lead	Reproductive		POINT
1255.059	C:/Users/Kimberly/Desktop/Avi Score/15.avi	5199.200	29.97		Lead	Reproductive		POINT
1257.162	C:/Users/Kimberly/Desktop/Avi Score/15.avi	5199.200	29.97		Foraging	Other		POINT
1260.662	C:/Users/Kimberly/Desktop/Avi Score/15.avi	5199.200	29.97		Lead	Reproductive		POINT
1261.664	C:/Users/Kimberly/Desktop/Avi Score/15.avi	5199.200	29.97		Lead	Reproductive		POINT
1267.270	C:/Users/Kimberly/Desktop/Avi Score/15.avi	5199.200	29.97		Lead	Reproductive		POINT
1270.674	C:/Users/Kimberly/Desktop/Avi Score/15.avi	5199.200	29.97		Dig Substrate	Reproductive		POINT
1272.179	C:/Users/Kimberly/Desktop/Avi Score/15.avi	5199.200	29.97		Foraging	Other		POINT
1275.180	C:/Users/Kimberly/Desktop/Avi Score/15.avi	5199.200	29.97		Lead	Reproductive		POINT
1278.981	C:/Users/Kimberly/Desktop/Avi Score/15.avi	5199.200	29.97		Lead	Reproductive		POINT
1279.783	C:/Users/Kimberly/Desktop/Avi Score/15.avi	5199.200	29.97		Foraging	Other		POINT
1284.689	C:/Users/Kimberly/Desktop/Avi Score/15.avi	5199.200	29.97		Foraging	Other		POINT
1288.694	C:/Users/Kimberly/Desktop/Avi Score/15.avi	5199.200	29.97		Dig Substrate	Reproductive		POINT
1289.694	C:/Users/Kimberly/Desktop/Avi Score/15.avi	5199.200	29.97		Dig Substrate	Reproductive		POINT
1295.098	C:/Users/Kimberly/Desktop/Avi Score/15.avi	5199.200	29.97		Lead	Reproductive		POINT
1298.904	C:/Users/Kimberly/Desktop/Avi Score/15.avi	5199.200	29.97		Foraging	Other		POINT
1303.507	C:/Users/Kimberly/Desktop/Avi Score/15.avi	5199.200	29.97		Foraging	Other		POINT
1307.608	C:/Users/Kimberly/Desktop/Avi Score/15.avi	5199.200	29.97		Lead	Reproductive		POINT
1308.614	C:/Users/Kimberly/Desktop/Avi Score/15.avi	5199.200	29.97		Foraging	Other		POINT
1308.911	C:/Users/Kimberly/Desktop/Avi Score/15.avi	5199.200	29.97		Foraging	Other		POINT
1309.114	C:/Users/Kimberly/Desktop/Avi Score/15.avi	5199.200	29.97		Foraging	Other		POINT
1315.319	C:/Users/Kimberly/Desktop/Avi Score/15.avi	5199.200	29.97		Foraging	Other		POINT
1315.820	C:/Users/Kimberly/Desktop/Avi Score/15.avi	5199.200	29.97		Foraging	Other		POINT
1322.428	C:/Users/Kimberly/Desktop/Avi Score/15.avi	5199.200	29.97		Foraging	Other		POINT
1323.425	C:/Users/Kimberly/Desktop/Avi Score/15.avi	5199.200	29.97		Foraging	Other		POINT
1325.231	C:/Users/Kimberly/Desktop/Avi Score/15.avi	5199.200	29.97		Foraging	Other		POINT
1330.134	C:/Users/Kimberly/Desktop/Avi Score/15.avi	5199.200	29.97		Foraging	Other		POINT
1330.635	C:/Users/Kimberly/Desktop/Avi Score/15.avi	5199.200	29.97		Foraging	Other		POINT
1331.138	C:/Users/Kimberly/Desktop/Avi Score/15.avi	5199.200	29.97		Foraging	Other		POINT
1332.437	C:/Users/Kimberly/Desktop/Avi Score/15.avi	5199.200	29.97		Foraging	Other		POINT
1335.743	C:/Users/Kimberly/Desktop/Avi Score/15.avi	5199.200	29.97		Lead	Reproductive		POINT
1336.741	C:/Users/Kimberly/Desktop/Avi Score/15.avi	5199.200	29.97		Lead	Reproductive		POINT
1339.542	C:/Users/Kimberly/Desktop/Avi Score/15.avi	5199.200	29.97		Lead	Reproductive		POINT
1340.543	C:/Users/Kimberly/Desktop/Avi Score/15.avi	5199.200	29.97		Foraging	Other		POINT
1347.452	C:/Users/Kimberly/Desktop/Avi Score/15.avi	5199.200	29.97		Dig Substrate	Reproductive		POINT
1351.556	C:/Users/Kimberly/Desktop/Avi Score/15.avi	5199.200	29.97		Scrape	Aggressive		POINT
1355.060	C:/Users/Kimberly/Desktop/Avi Score/15.avi	5199.200	29.97		Lead	Reproductive		POINT
1356.562	C:/Users/Kimberly/Desktop/Avi Score/15.avi	5199.200	29.97		Foraging	Other		POINT
1357.362	C:/Users/Kimberly/Desktop/Avi Score/15.avi	5199.200	29.97		Foraging	Other		POINT
1357.662	C:/Users/Kimberly/Desktop/Avi Score/15.avi	5199.200	29.97		Foraging	Other		POINT
1358.863	C:/Users/Kimberly/Desktop/Avi Score/15.avi	5199.200	29.97		Foraging	Other		POINT
1361.965	C:/Users/Kimberly/Desktop/Avi Score/15.avi	5199.200	29.97		Foraging	Other		POINT
1362.266	C:/Users/Kimberly/Desktop/Avi Score/15.avi	5199.200	29.97		Foraging	Other		POINT
1362.467	C:/Users/Kimberly/Desktop/Avi Score/15.avi	5199.200	29.97		Foraging	Other		POINT
1362.966	C:/Users/Kimberly/Desktop/Avi Score/15.avi	5199.200	29.97		Foraging	Other		POINT
1363.467	C:/Users/Kimberly/Desktop/Avi Score/15.avi	5199.200	29.97		Foraging	Other		POINT
1364.064	C:/Users/Kimberly/Desktop/Avi Score/15.avi	5199.200	29.97		Foraging	Other		POINT
1364.566	C:/Users/Kimberly/Desktop/Avi Score/15.avi	5199.200	29.97		Foraging	Other		POINT
1369.874	C:/Users/Kimberly/Desktop/Avi Score/15.avi	5199.200	29.97		Foraging	Other		POINT
1378.283	C:/Users/Kimberly/Desktop/Avi Score/15.avi	5199.200	29.97		Lead	Reproductive		POINT
1381.085	C:/Users/Kimberly/Desktop/Avi Score/15.avi	5199.200	29.97		Lead	Reproductive		POINT
1383.387	C:/Users/Kimberly/Desktop/Avi Score/15.avi	5199.200	29.97		Lead	Reproductive		POINT
1385.691	C:/Users/Kimberly/Desktop/Avi Score/15.avi	5199.200	29.97		Chase	Aggressive		POINT
1386.688	C:/Users/Kimberly/Desktop/Avi Score/15.avi	5199.200	29.97		Foraging	Other		POINT
1394.098	C:/Users/Kimberly/Desktop/Avi Score/15.avi	5199.200	29.97		Chase	Aggressive		POINT
1394.798	C:/Users/Kimberly/Desktop/Avi Score/15.avi	5199.200	29.97		Border Fight	Aggressive		POINT
1394.798	C:/Users/Kimberly/Desktop/Avi Score/15.avi	5199.200	29.97		Chase	Aggressive		POINT
1396.397	C:/Users/Kimberly/Desktop/Avi Score/15.avi	5199.200	29.97		Chase	Aggressive		POINT
1396.898	C:/Users/Kimberly/Desktop/Avi Score/15.avi	5199.200	29.97		Border Fight	Aggressive		POINT
1397.901	C:/Users/Kimberly/Desktop/Avi Score/15.avi	5199.200	29.97		Lateral Side Display	Aggressive		POINT
1397.901	C:/Users/Kimberly/Desktop/Avi Score/15.avi	5199.200	29.97		Scrape	Aggressive		POINT
1399.503	C:/Users/Kimberly/Desktop/Avi Score/15.avi	5199.200	29.97		Border Fight	Aggressive		POINT
1399.903	C:/Users/Kimberly/Desktop/Avi Score/15.avi	5199.200	29.97		Chase	Aggressive		POINT
1402.203	C:/Users/Kimberly/Desktop/Avi Score/15.avi	5199.200	29.97		Chase	Aggressive		POINT
1403.707	C:/Users/Kimberly/Desktop/Avi Score/15.avi	5199.200	29.97		Border Fight	Aggressive		POINT
1403.707	C:/Users/Kimberly/Desktop/Avi Score/15.avi	5199.200	29.97		Scrape	Aggressive		POINT
1405.209	C:/Users/Kimberly/Desktop/Avi Score/15.avi	5199.200	29.97		Scrape	Aggressive		POINT
1406.711	C:/Users/Kimberly/Desktop/Avi Score/15.avi	5199.200	29.97		Border Fight	Aggressive		POINT
1406.711	C:/Users/Kimberly/Desktop/Avi Score/15.avi	5199.200	29.97		Scrape	Aggressive		POINT
1407.415	C:/Users/Kimberly/Desktop/Avi Score/15.avi	5199.200	29.97		Scrape	Aggressive		POINT
1408.912	C:/Users/Kimberly/Desktop/Avi Score/15.avi	5199.200	29.97		Scrape	Aggressive		POINT
1409.714	C:/Users/Kimberly/Desktop/Avi Score/15.avi	5199.200	29.97		Chase	Aggressive		POINT
1414.819	C:/Users/Kimberly/Desktop/Avi Score/15.avi	5199.200	29.97		Border Fight	Aggressive		POINT
1414.819	C:/Users/Kimberly/Desktop/Avi Score/15.avi	5199.200	29.97		Chase	Aggressive		POINT
1427.130	C:/Users/Kimberly/Desktop/Avi Score/15.avi	5199.200	29.97		Foraging	Other		POINT
1430.431	C:/Users/Kimberly/Desktop/Avi Score/15.avi	5199.200	29.97		Foraging	Other		POINT
1431.435	C:/Users/Kimberly/Desktop/Avi Score/15.avi	5199.200	29.97		Foraging	Other		POINT
1432.436	C:/Users/Kimberly/Desktop/Avi Score/15.avi	5199.200	29.97		Foraging	Other		POINT
1434.240	C:/Users/Kimberly/Desktop/Avi Score/15.avi	5199.200	29.97		Foraging	Other		POINT
1435.840	C:/Users/Kimberly/Desktop/Avi Score/15.avi	5199.200	29.97		Foraging	Other		POINT
1436.841	C:/Users/Kimberly/Desktop/Avi Score/15.avi	5199.200	29.97		Foraging	Other		POINT
1438.642	C:/Users/Kimberly/Desktop/Avi Score/15.avi	5199.200	29.97		Foraging	Other		POINT
1440.143	C:/Users/Kimberly/Desktop/Avi Score/15.avi	5199.200	29.97		Foraging	Other		POINT
1443.448	C:/Users/Kimberly/Desktop/Avi Score/15.avi	5199.200	29.97		Lead	Reproductive		POINT
1445.250	C:/Users/Kimberly/Desktop/Avi Score/15.avi	5199.200	29.97		Lead	Reproductive		POINT
1447.751	C:/Users/Kimberly/Desktop/Avi Score/15.avi	5199.200	29.97		Lead	Reproductive		POINT
1451.653	C:/Users/Kimberly/Desktop/Avi Score/15.avi	5199.200	29.97		Dig Substrate	Reproductive		POINT
1453.356	C:/Users/Kimberly/Desktop/Avi Score/15.avi	5199.200	29.97		Dig Substrate	Reproductive		POINT
1454.358	C:/Users/Kimberly/Desktop/Avi Score/15.avi	5199.200	29.97		Dig Substrate	Reproductive		POINT
1456.159	C:/Users/Kimberly/Desktop/Avi Score/15.avi	5199.200	29.97		Dig Substrate	Reproductive		POINT
1461.765	C:/Users/Kimberly/Desktop/Avi Score/15.avi	5199.200	29.97		Chase	Aggressive		POINT
1462.267	C:/Users/Kimberly/Desktop/Avi Score/15.avi	5199.200	29.97		Foraging	Other		POINT
1466.971	C:/Users/Kimberly/Desktop/Avi Score/15.avi	5199.200	29.97		Foraging	Other		POINT
1468.472	C:/Users/Kimberly/Desktop/Avi Score/15.avi	5199.200	29.97		Chase	Aggressive		POINT
1475.079	C:/Users/Kimberly/Desktop/Avi Score/15.avi	5199.200	29.97		Border Fight	Aggressive		POINT
1477.277	C:/Users/Kimberly/Desktop/Avi Score/15.avi	5199.200	29.97		Scrape	Aggressive		POINT
1482.287	C:/Users/Kimberly/Desktop/Avi Score/15.avi	5199.200	29.97		Foraging	Other		POINT
1486.991	C:/Users/Kimberly/Desktop/Avi Score/15.avi	5199.200	29.97		Foraging	Other		POINT
1488.288	C:/Users/Kimberly/Desktop/Avi Score/15.avi	5199.200	29.97		Foraging	Other		POINT
1489.293	C:/Users/Kimberly/Desktop/Avi Score/15.avi	5199.200	29.97		Foraging	Other		POINT
1494.898	C:/Users/Kimberly/Desktop/Avi Score/15.avi	5199.200	29.97		Lead	Reproductive		POINT
1497.101	C:/Users/Kimberly/Desktop/Avi Score/15.avi	5199.200	29.97		Lead	Reproductive		POINT
1501.204	C:/Users/Kimberly/Desktop/Avi Score/15.avi	5199.200	29.97		Lead	Reproductive		POINT
1660.564	C:/Users/Kimberly/Desktop/Avi Score/15.avi	5199.200	29.97		Dig Substrate	Reproductive		POINT
1661.865	C:/Users/Kimberly/Desktop/Avi Score/15.avi	5199.200	29.97		Dig Substrate	Reproductive		POINT
1663.367	C:/Users/Kimberly/Desktop/Avi Score/15.avi	5199.200	29.97		Dig Substrate	Reproductive		POINT
1666.268	C:/Users/Kimberly/Desktop/Avi Score/15.avi	5199.200	29.97		Dig Substrate	Reproductive		POINT
1666.968	C:/Users/Kimberly/Desktop/Avi Score/15.avi	5199.200	29.97		Dig Substrate	Reproductive		POINT
1674.678	C:/Users/Kimberly/Desktop/Avi Score/15.avi	5199.200	29.97		Dig Substrate	Reproductive		POINT
1675.876	C:/Users/Kimberly/Desktop/Avi Score/15.avi	5199.200	29.97		Dig Substrate	Reproductive		POINT
1682.587	C:/Users/Kimberly/Desktop/Avi Score/15.avi	5199.200	29.97		Chase	Aggressive		POINT
1683.586	C:/Users/Kimberly/Desktop/Avi Score/15.avi	5199.200	29.97		Lead	Reproductive		POINT
1687.092	C:/Users/Kimberly/Desktop/Avi Score/15.avi	5199.200	29.97		Quiver	Reproductive		POINT
1689.594	C:/Users/Kimberly/Desktop/Avi Score/15.avi	5199.200	29.97		Lead	Reproductive		POINT
1690.395	C:/Users/Kimberly/Desktop/Avi Score/15.avi	5199.200	29.97		Lead	Reproductive		POINT
1691.595	C:/Users/Kimberly/Desktop/Avi Score/15.avi	5199.200	29.97		Lead	Reproductive		POINT
1695.501	C:/Users/Kimberly/Desktop/Avi Score/15.avi	5199.200	29.97		Lead	Reproductive		POINT
1697.499	C:/Users/Kimberly/Desktop/Avi Score/15.avi	5199.200	29.97		Chase	Aggressive		POINT
1699.603	C:/Users/Kimberly/Desktop/Avi Score/15.avi	5199.200	29.97		Lead	Reproductive		POINT
1704.110	C:/Users/Kimberly/Desktop/Avi Score/15.avi	5199.200	29.97		Lead	Reproductive		POINT
1706.211	C:/Users/Kimberly/Desktop/Avi Score/15.avi	5199.200	29.97		Lead	Reproductive		POINT
1709.512	C:/Users/Kimberly/Desktop/Avi Score/15.avi	5199.200	29.97		Lead	Reproductive		POINT
1712.016	C:/Users/Kimberly/Desktop/Avi Score/15.avi	5199.200	29.97		Quiver	Reproductive		POINT
1713.416	C:/Users/Kimberly/Desktop/Avi Score/15.avi	5199.200	29.97		Lead	Reproductive		POINT
1720.223	C:/Users/Kimberly/Desktop/Avi Score/15.avi	5199.200	29.97		Lead	Reproductive		POINT
1729.931	C:/Users/Kimberly/Desktop/Avi Score/15.avi	5199.200	29.97		Foraging	Other		POINT
1734.737	C:/Users/Kimberly/Desktop/Avi Score/15.avi	5199.200	29.97		Foraging	Other		POINT
1735.039	C:/Users/Kimberly/Desktop/Avi Score/15.avi	5199.200	29.97		Foraging	Other		POINT
1735.537	C:/Users/Kimberly/Desktop/Avi Score/15.avi	5199.200	29.97		Foraging	Other		POINT
1739.541	C:/Users/Kimberly/Desktop/Avi Score/15.avi	5199.200	29.97		Lead	Reproductive		POINT
1740.542	C:/Users/Kimberly/Desktop/Avi Score/15.avi	5199.200	29.97		Lead	Reproductive		POINT
1743.849	C:/Users/Kimberly/Desktop/Avi Score/15.avi	5199.200	29.97		Foraging	Other		POINT
1745.852	C:/Users/Kimberly/Desktop/Avi Score/15.avi	5199.200	29.97		Lead	Reproductive		POINT
1750.954	C:/Users/Kimberly/Desktop/Avi Score/15.avi	5199.200	29.97		Chase	Aggressive		POINT
1754.658	C:/Users/Kimberly/Desktop/Avi Score/15.avi	5199.200	29.97		Chase	Aggressive		POINT
1759.063	C:/Users/Kimberly/Desktop/Avi Score/15.avi	5199.200	29.97		Foraging	Other		POINT
1759.865	C:/Users/Kimberly/Desktop/Avi Score/15.avi	5199.200	29.97		Foraging	Other		POINT
1761.165	C:/Users/Kimberly/Desktop/Avi Score/15.avi	5199.200	29.97		Foraging	Other		POINT
1762.168	C:/Users/Kimberly/Desktop/Avi Score/15.avi	5199.200	29.97		Foraging	Other		POINT
1763.467	C:/Users/Kimberly/Desktop/Avi Score/15.avi	5199.200	29.97		Foraging	Other		POINT
1764.166	C:/Users/Kimberly/Desktop/Avi Score/15.avi	5199.200	29.97		Foraging	Other		POINT
1765.469	C:/Users/Kimberly/Desktop/Avi Score/15.avi	5199.200	29.97		Foraging	Other		POINT
1766.971	C:/Users/Kimberly/Desktop/Avi Score/15.avi	5199.200	29.97		Foraging	Other		POINT
1774.077	C:/Users/Kimberly/Desktop/Avi Score/15.avi	5199.200	29.97		Foraging	Other		POINT
1774.875	C:/Users/Kimberly/Desktop/Avi Score/15.avi	5199.200	29.97		Foraging	Other		POINT
1781.785	C:/Users/Kimberly/Desktop/Avi Score/15.avi	5199.200	29.97		Dig Substrate	Reproductive		POINT
1786.389	C:/Users/Kimberly/Desktop/Avi Score/15.avi	5199.200	29.97		Chase	Aggressive		POINT
1789.791	C:/Users/Kimberly/Desktop/Avi Score/15.avi	5199.200	29.97		Chase	Aggressive		POINT
1798.202	C:/Users/Kimberly/Desktop/Avi Score/15.avi	5199.200	29.97		Foraging	Other		POINT
1799.502	C:/Users/Kimberly/Desktop/Avi Score/15.avi	5199.200	29.97		Foraging	Other		POINT
1800.904	C:/Users/Kimberly/Desktop/Avi Score/15.avi	5199.200	29.97		Foraging	Other		POINT
1803.906	C:/Users/Kimberly/Desktop/Avi Score/15.avi	5199.200	29.97		Foraging	Other		POINT
1805.209	C:/Users/Kimberly/Desktop/Avi Score/15.avi	5199.200	29.97		Foraging	Other		POINT
1808.011	C:/Users/Kimberly/Desktop/Avi Score/15.avi	5199.200	29.97		Scrape	Aggressive		POINT
1809.813	C:/Users/Kimberly/Desktop/Avi Score/15.avi	5199.200	29.97		Foraging	Other		POINT
1813.717	C:/Users/Kimberly/Desktop/Avi Score/15.avi	5199.200	29.97		Foraging	Other		POINT
1814.218	C:/Users/Kimberly/Desktop/Avi Score/15.avi	5199.200	29.97		Foraging	Other		POINT
1815.522	C:/Users/Kimberly/Desktop/Avi Score/15.avi	5199.200	29.97		Foraging	Other		POINT
1826.229	C:/Users/Kimberly/Desktop/Avi Score/15.avi	5199.200	29.97		Foraging	Other		POINT
1828.332	C:/Users/Kimberly/Desktop/Avi Score/15.avi	5199.200	29.97		Quiver	Reproductive		POINT
1834.238	C:/Users/Kimberly/Desktop/Avi Score/15.avi	5199.200	29.97		Dig Substrate	Reproductive		POINT
1837.141	C:/Users/Kimberly/Desktop/Avi Score/15.avi	5199.200	29.97		Foraging	Other		POINT
1838.142	C:/Users/Kimberly/Desktop/Avi Score/15.avi	5199.200	29.97		Foraging	Other		POINT
1839.744	C:/Users/Kimberly/Desktop/Avi Score/15.avi	5199.200	29.97		Foraging	Other		POINT
1841.746	C:/Users/Kimberly/Desktop/Avi Score/15.avi	5199.200	29.97		Foraging	Other		POINT
1845.248	C:/Users/Kimberly/Desktop/Avi Score/15.avi	5199.200	29.97		Foraging	Other		POINT
1846.049	C:/Users/Kimberly/Desktop/Avi Score/15.avi	5199.200	29.97		Foraging	Other		POINT
1852.157	C:/Users/Kimberly/Desktop/Avi Score/15.avi	5199.200	29.97		Dig Substrate	Reproductive		POINT
1854.157	C:/Users/Kimberly/Desktop/Avi Score/15.avi	5199.200	29.97		Dig Substrate	Reproductive		POINT
1861.063	C:/Users/Kimberly/Desktop/Avi Score/15.avi	5199.200	29.97		Chase	Aggressive		POINT
1861.965	C:/Users/Kimberly/Desktop/Avi Score/15.avi	5199.200	29.97		Foraging	Other		POINT
1866.870	C:/Users/Kimberly/Desktop/Avi Score/15.avi	5199.200	29.97		Chase	Aggressive		POINT
1867.971	C:/Users/Kimberly/Desktop/Avi Score/15.avi	5199.200	29.97		Dig Substrate	Reproductive		POINT
1871.372	C:/Users/Kimberly/Desktop/Avi Score/15.avi	5199.200	29.97		Chase	Aggressive		POINT
1874.678	C:/Users/Kimberly/Desktop/Avi Score/15.avi	5199.200	29.97		Foraging	Other		POINT
1874.979	C:/Users/Kimberly/Desktop/Avi Score/15.avi	5199.200	29.97		Foraging	Other		POINT
1875.478	C:/Users/Kimberly/Desktop/Avi Score/15.avi	5199.200	29.97		Foraging	Other		POINT
1875.979	C:/Users/Kimberly/Desktop/Avi Score/15.avi	5199.200	29.97		Foraging	Other		POINT
1878.782	C:/Users/Kimberly/Desktop/Avi Score/15.avi	5199.200	29.97		Foraging	Other		POINT
1879.282	C:/Users/Kimberly/Desktop/Avi Score/15.avi	5199.200	29.97		Foraging	Other		POINT
1880.085	C:/Users/Kimberly/Desktop/Avi Score/15.avi	5199.200	29.97		Foraging	Other		POINT
1880.584	C:/Users/Kimberly/Desktop/Avi Score/15.avi	5199.200	29.97		Foraging	Other		POINT
1889.794	C:/Users/Kimberly/Desktop/Avi Score/15.avi	5199.200	29.97		Dig Substrate	Reproductive		POINT
1890.294	C:/Users/Kimberly/Desktop/Avi Score/15.avi	5199.200	29.97		Foraging	Other		POINT
1891.091	C:/Users/Kimberly/Desktop/Avi Score/15.avi	5199.200	29.97		Foraging	Other		POINT
1894.597	C:/Users/Kimberly/Desktop/Avi Score/15.avi	5199.200	29.97		Foraging	Other		POINT
1895.097	C:/Users/Kimberly/Desktop/Avi Score/15.avi	5199.200	29.97		Foraging	Other		POINT
1895.901	C:/Users/Kimberly/Desktop/Avi Score/15.avi	5199.200	29.97		Foraging	Other		POINT
1900.703	C:/Users/Kimberly/Desktop/Avi Score/15.avi	5199.200	29.97		Foraging	Other		POINT
1901.010	C:/Users/Kimberly/Desktop/Avi Score/15.avi	5199.200	29.97		Foraging	Other		POINT
1901.504	C:/Users/Kimberly/Desktop/Avi Score/15.avi	5199.200	29.97		Foraging	Other		POINT
1906.810	C:/Users/Kimberly/Desktop/Avi Score/15.avi	5199.200	29.97		Dig Substrate	Reproductive		POINT
1907.311	C:/Users/Kimberly/Desktop/Avi Score/15.avi	5199.200	29.97		Dig Substrate	Reproductive		POINT
1907.811	C:/Users/Kimberly/Desktop/Avi Score/15.avi	5199.200	29.97		Dig Substrate	Reproductive		POINT
1912.515	C:/Users/Kimberly/Desktop/Avi Score/15.avi	5199.200	29.97		Chase	Aggressive		POINT
1914.021	C:/Users/Kimberly/Desktop/Avi Score/15.avi	5199.200	29.97		Border Fight	Aggressive		POINT
1914.316	C:/Users/Kimberly/Desktop/Avi Score/15.avi	5199.200	29.97		Scrape	Aggressive		POINT
1915.818	C:/Users/Kimberly/Desktop/Avi Score/15.avi	5199.200	29.97		Lateral Side Display	Aggressive		POINT
1918.722	C:/Users/Kimberly/Desktop/Avi Score/15.avi	5199.200	29.97		Border Fight	Aggressive		POINT
1921.327	C:/Users/Kimberly/Desktop/Avi Score/15.avi	5199.200	29.97		Dig Substrate	Reproductive		POINT
1925.633	C:/Users/Kimberly/Desktop/Avi Score/15.avi	5199.200	29.97		Dig Substrate	Reproductive		POINT
1928.933	C:/Users/Kimberly/Desktop/Avi Score/15.avi	5199.200	29.97		Dig Substrate	Reproductive		POINT
1930.233	C:/Users/Kimberly/Desktop/Avi Score/15.avi	5199.200	29.97		Dig Substrate	Reproductive		POINT
1933.539	C:/Users/Kimberly/Desktop/Avi Score/15.avi	5199.200	29.97		Dig Substrate	Reproductive		POINT
1934.037	C:/Users/Kimberly/Desktop/Avi Score/15.avi	5199.200	29.97		Dig Substrate	Reproductive		POINT
1937.140	C:/Users/Kimberly/Desktop/Avi Score/15.avi	5199.200	29.97		Chase	Aggressive		POINT
1945.849	C:/Users/Kimberly/Desktop/Avi Score/15.avi	5199.200	29.97		Foraging	Other		POINT
1949.955	C:/Users/Kimberly/Desktop/Avi Score/15.avi	5199.200	29.97		Chase	Aggressive		POINT
1952.256	C:/Users/Kimberly/Desktop/Avi Score/15.avi	5199.200	29.97		Lead	Reproductive		POINT
1958.961	C:/Users/Kimberly/Desktop/Avi Score/15.avi	5199.200	29.97		Chase	Aggressive		POINT
1960.461	C:/Users/Kimberly/Desktop/Avi Score/15.avi	5199.200	29.97		Border Fight	Aggressive		POINT
1965.067	C:/Users/Kimberly/Desktop/Avi Score/15.avi	5199.200	29.97		Foraging	Other		POINT
1968.873	C:/Users/Kimberly/Desktop/Avi Score/15.avi	5199.200	29.97		Lead	Reproductive		POINT
1970.374	C:/Users/Kimberly/Desktop/Avi Score/15.avi	5199.200	29.97		Foraging	Other		POINT
1978.281	C:/Users/Kimberly/Desktop/Avi Score/15.avi	5199.200	29.97		Foraging	Other		POINT
1978.780	C:/Users/Kimberly/Desktop/Avi Score/15.avi	5199.200	29.97		Foraging	Other		POINT
1979.282	C:/Users/Kimberly/Desktop/Avi Score/15.avi	5199.200	29.97		Foraging	Other		POINT
1982.082	C:/Users/Kimberly/Desktop/Avi Score/15.avi	5199.200	29.97		Foraging	Other		POINT
1983.187	C:/Users/Kimberly/Desktop/Avi Score/15.avi	5199.200	29.97		Foraging	Other		POINT
1985.389	C:/Users/Kimberly/Desktop/Avi Score/15.avi	5199.200	29.97		Foraging	Other		POINT
1992.597	C:/Users/Kimberly/Desktop/Avi Score/15.avi	5199.200	29.97		Foraging	Other		POINT
1993.896	C:/Users/Kimberly/Desktop/Avi Score/15.avi	5199.200	29.97		Foraging	Other		POINT
1995.395	C:/Users/Kimberly/Desktop/Avi Score/15.avi	5199.200	29.97		Foraging	Other		POINT
1995.999	C:/Users/Kimberly/Desktop/Avi Score/15.avi	5199.200	29.97		Foraging	Other		POINT
1999.502	C:/Users/Kimberly/Desktop/Avi Score/15.avi	5199.200	29.97		Lead	Reproductive		POINT
2001.404	C:/Users/Kimberly/Desktop/Avi Score/15.avi	5199.200	29.97		Quiver	Reproductive		POINT
2008.111	C:/Users/Kimberly/Desktop/Avi Score/15.avi	5199.200	29.97		Lead	Reproductive		POINT
2011.214	C:/Users/Kimberly/Desktop/Avi Score/15.avi	5199.200	29.97		Lead	Reproductive		POINT
2013.820	C:/Users/Kimberly/Desktop/Avi Score/15.avi	5199.200	29.97		Foraging	Other		POINT
2014.617	C:/Users/Kimberly/Desktop/Avi Score/15.avi	5199.200	29.97		Foraging	Other		POINT
2021.928	C:/Users/Kimberly/Desktop/Avi Score/15.avi	5199.200	29.97		Foraging	Other		POINT
2022.432	C:/Users/Kimberly/Desktop/Avi Score/15.avi	5199.200	29.97		Foraging	Other		POINT
2023.429	C:/Users/Kimberly/Desktop/Avi Score/15.avi	5199.200	29.97		Foraging	Other		POINT
2027.026	C:/Users/Kimberly/Desktop/Avi Score/15.avi	5199.200	29.97		Foraging	Other		POINT
2027.529	C:/Users/Kimberly/Desktop/Avi Score/15.avi	5199.200	29.97		Foraging	Other		POINT
2028.632	C:/Users/Kimberly/Desktop/Avi Score/15.avi	5199.200	29.97		Foraging	Other		POINT
2029.837	C:/Users/Kimberly/Desktop/Avi Score/15.avi	5199.200	29.97		Border Fight	Aggressive		POINT
2029.837	C:/Users/Kimberly/Desktop/Avi Score/15.avi	5199.200	29.97		Lead	Reproductive		POINT
2032.132	C:/Users/Kimberly/Desktop/Avi Score/15.avi	5199.200	29.97		Foraging	Other		POINT
2033.134	C:/Users/Kimberly/Desktop/Avi Score/15.avi	5199.200	29.97		Foraging	Other		POINT
2036.441	C:/Users/Kimberly/Desktop/Avi Score/15.avi	5199.200	29.97		Lead	Reproductive		POINT
2038.041	C:/Users/Kimberly/Desktop/Avi Score/15.avi	5199.200	29.97		Quiver	Reproductive		POINT
2041.543	C:/Users/Kimberly/Desktop/Avi Score/15.avi	5199.200	29.97		Lead	Reproductive		POINT
2045.546	C:/Users/Kimberly/Desktop/Avi Score/15.avi	5199.200	29.97		Lead	Reproductive		POINT
2049.852	C:/Users/Kimberly/Desktop/Avi Score/15.avi	5199.200	29.97		Dig Substrate	Reproductive		POINT
2052.456	C:/Users/Kimberly/Desktop/Avi Score/15.avi	5199.200	29.97		Dig Substrate	Reproductive		POINT
2053.463	C:/Users/Kimberly/Desktop/Avi Score/15.avi	5199.200	29.97		Lead	Reproductive		POINT
2059.662	C:/Users/Kimberly/Desktop/Avi Score/15.avi	5199.200	29.97		Foraging	Other		POINT
2059.962	C:/Users/Kimberly/Desktop/Avi Score/15.avi	5199.200	29.97		Foraging	Other		POINT
2060.463	C:/Users/Kimberly/Desktop/Avi Score/15.avi	5199.200	29.97		Foraging	Other		POINT
2060.769	C:/Users/Kimberly/Desktop/Avi Score/15.avi	5199.200	29.97		Foraging	Other		POINT
2061.265	C:/Users/Kimberly/Desktop/Avi Score/15.avi	5199.200	29.97		Foraging	Other		POINT
2062.963	C:/Users/Kimberly/Desktop/Avi Score/15.avi	5199.200	29.97		Border Fight	Aggressive		POINT
2062.963	C:/Users/Kimberly/Desktop/Avi Score/15.avi	5199.200	29.97		Lead	Reproductive		POINT
2065.469	C:/Users/Kimberly/Desktop/Avi Score/15.avi	5199.200	29.97		Lead	Reproductive		POINT
2069.168	C:/Users/Kimberly/Desktop/Avi Score/15.avi	5199.200	29.97		Chase	Aggressive		POINT
2070.672	C:/Users/Kimberly/Desktop/Avi Score/15.avi	5199.200	29.97		Foraging	Other		POINT
2071.174	C:/Users/Kimberly/Desktop/Avi Score/15.avi	5199.200	29.97		Foraging	Other		POINT
2072.673	C:/Users/Kimberly/Desktop/Avi Score/15.avi	5199.200	29.97		Lead	Reproductive		POINT
2073.778	C:/Users/Kimberly/Desktop/Avi Score/15.avi	5199.200	29.97		Lead	Reproductive		POINT
2081.482	C:/Users/Kimberly/Desktop/Avi Score/15.avi	5199.200	29.97		Foraging	Other		POINT
2081.986	C:/Users/Kimberly/Desktop/Avi Score/15.avi	5199.200	29.97		Foraging	Other		POINT
2082.485	C:/Users/Kimberly/Desktop/Avi Score/15.avi	5199.200	29.97		Foraging	Other		POINT
2083.288	C:/Users/Kimberly/Desktop/Avi Score/15.avi	5199.200	29.97		Foraging	Other		POINT
2087.390	C:/Users/Kimberly/Desktop/Avi Score/15.avi	5199.200	29.97		Lead	Reproductive		POINT
2092.796	C:/Users/Kimberly/Desktop/Avi Score/15.avi	5199.200	29.97		Lead	Reproductive		POINT
2093.296	C:/Users/Kimberly/Desktop/Avi Score/15.avi	5199.200	29.97		Lead	Reproductive		POINT
2098.903	C:/Users/Kimberly/Desktop/Avi Score/15.avi	5199.200	29.97		Foraging	Other		POINT
2099.201	C:/Users/Kimberly/Desktop/Avi Score/15.avi	5199.200	29.97		Foraging	Other		POINT
2100.504	C:/Users/Kimberly/Desktop/Avi Score/15.avi	5199.200	29.97		Lead	Reproductive		POINT
2105.509	C:/Users/Kimberly/Desktop/Avi Score/15.avi	5199.200	29.97		Lead	Reproductive		POINT
2105.809	C:/Users/Kimberly/Desktop/Avi Score/15.avi	5199.200	29.97		Quiver	Reproductive		POINT
2107.210	C:/Users/Kimberly/Desktop/Avi Score/15.avi	5199.200	29.97		Lead	Reproductive		POINT
2107.210	C:/Users/Kimberly/Desktop/Avi Score/15.avi	5199.200	29.97		Quiver	Reproductive		POINT
2110.214	C:/Users/Kimberly/Desktop/Avi Score/15.avi	5199.200	29.97		Lead	Reproductive		POINT
