Observation id	A2D							
								
Media file(s)								
								
Player #1	C:/Users/Kimberly/Desktop/Video Stitching/A2D/A2D Stitched.mp4							
								
Observation date	2021-06-14 14:34:26							
								
Description								
								
Time offset (s)	0.000							
								
independent variables								
variable	value							
								
Time	Media file path	Total length	FPS	Subject	Behavior	Behavioral category	Comment	Status
0.000	C:/Users/Kimberly/Desktop/Video Stitching/A2D/A2D Stitched.mp4	2126.290	30.0	Subordinate	Fleeing Male	Subordinate		POINT
0.000	C:/Users/Kimberly/Desktop/Video Stitching/A2D/A2D Stitched.mp4	2126.290	30.0	Subordinate	Pot Dig	Reproductive		POINT
304.655	C:/Users/Kimberly/Desktop/Video Stitching/A2D/A2D Stitched.mp4	2126.290	30.0	Subordinate	Fleeing Male	Subordinate		POINT
328.906	C:/Users/Kimberly/Desktop/Video Stitching/A2D/A2D Stitched.mp4	2126.290	30.0	Dominant	Entry/Exit Pot	Reproductive		POINT
331.655	C:/Users/Kimberly/Desktop/Video Stitching/A2D/A2D Stitched.mp4	2126.290	30.0	Dominant	Entry/Exit Pot	Reproductive		POINT
332.152	C:/Users/Kimberly/Desktop/Video Stitching/A2D/A2D Stitched.mp4	2126.290	30.0	Dominant	Lead	Reproductive		POINT
332.409	C:/Users/Kimberly/Desktop/Video Stitching/A2D/A2D Stitched.mp4	2126.290	30.0	Dominant	Entry/Exit Pot	Reproductive		POINT
350.161	C:/Users/Kimberly/Desktop/Video Stitching/A2D/A2D Stitched.mp4	2126.290	30.0	Dominant	Entry/Exit Pot	Reproductive		POINT
356.905	C:/Users/Kimberly/Desktop/Video Stitching/A2D/A2D Stitched.mp4	2126.290	30.0	Dominant	Entry/Exit Pot	Reproductive		POINT
359.656	C:/Users/Kimberly/Desktop/Video Stitching/A2D/A2D Stitched.mp4	2126.290	30.0	Dominant	Pot Dig	Reproductive		POINT
369.155	C:/Users/Kimberly/Desktop/Video Stitching/A2D/A2D Stitched.mp4	2126.290	30.0	Dominant	Entry/Exit Pot	Reproductive		POINT
369.910	C:/Users/Kimberly/Desktop/Video Stitching/A2D/A2D Stitched.mp4	2126.290	30.0	Dominant	Chase	Aggressive		POINT
371.909	C:/Users/Kimberly/Desktop/Video Stitching/A2D/A2D Stitched.mp4	2126.290	30.0	Dominant	Chase	Aggressive		POINT
373.655	C:/Users/Kimberly/Desktop/Video Stitching/A2D/A2D Stitched.mp4	2126.290	30.0	Dominant	Entry/Exit Pot	Reproductive		POINT
377.902	C:/Users/Kimberly/Desktop/Video Stitching/A2D/A2D Stitched.mp4	2126.290	30.0	Dominant	Entry/Exit Pot	Reproductive		POINT
378.906	C:/Users/Kimberly/Desktop/Video Stitching/A2D/A2D Stitched.mp4	2126.290	30.0	Dominant	Chase	Aggressive		POINT
382.402	C:/Users/Kimberly/Desktop/Video Stitching/A2D/A2D Stitched.mp4	2126.290	30.0	Dominant	Scrape	Aggressive		POINT
383.405	C:/Users/Kimberly/Desktop/Video Stitching/A2D/A2D Stitched.mp4	2126.290	30.0	Dominant	Scrape	Aggressive		POINT
390.906	C:/Users/Kimberly/Desktop/Video Stitching/A2D/A2D Stitched.mp4	2126.290	30.0	Dominant	Entry/Exit Pot	Reproductive		POINT
397.156	C:/Users/Kimberly/Desktop/Video Stitching/A2D/A2D Stitched.mp4	2126.290	30.0	Dominant	Chase	Aggressive		POINT
397.156	C:/Users/Kimberly/Desktop/Video Stitching/A2D/A2D Stitched.mp4	2126.290	30.0	Dominant	Entry/Exit Pot	Reproductive		POINT
399.656	C:/Users/Kimberly/Desktop/Video Stitching/A2D/A2D Stitched.mp4	2126.290	30.0	Dominant	Chase	Aggressive		POINT
401.656	C:/Users/Kimberly/Desktop/Video Stitching/A2D/A2D Stitched.mp4	2126.290	30.0	Dominant	Chase	Aggressive		POINT
402.401	C:/Users/Kimberly/Desktop/Video Stitching/A2D/A2D Stitched.mp4	2126.290	30.0	Dominant	Chase	Aggressive		POINT
402.655	C:/Users/Kimberly/Desktop/Video Stitching/A2D/A2D Stitched.mp4	2126.290	30.0	Dominant	Fleeing Male	Subordinate		POINT
405.409	C:/Users/Kimberly/Desktop/Video Stitching/A2D/A2D Stitched.mp4	2126.290	30.0	Dominant	Chase	Aggressive		POINT
406.407	C:/Users/Kimberly/Desktop/Video Stitching/A2D/A2D Stitched.mp4	2126.290	30.0	Dominant	Entry/Exit Pot	Reproductive		POINT
407.405	C:/Users/Kimberly/Desktop/Video Stitching/A2D/A2D Stitched.mp4	2126.290	30.0	Dominant	Entry/Exit Pot	Reproductive		POINT
409.406	C:/Users/Kimberly/Desktop/Video Stitching/A2D/A2D Stitched.mp4	2126.290	30.0	Dominant	Chase	Aggressive		POINT
413.407	C:/Users/Kimberly/Desktop/Video Stitching/A2D/A2D Stitched.mp4	2126.290	30.0	Dominant	Entry/Exit Pot	Reproductive		POINT
423.158	C:/Users/Kimberly/Desktop/Video Stitching/A2D/A2D Stitched.mp4	2126.290	30.0	Dominant	Entry/Exit Pot	Reproductive		POINT
423.653	C:/Users/Kimberly/Desktop/Video Stitching/A2D/A2D Stitched.mp4	2126.290	30.0	Dominant	Chase	Aggressive		POINT
424.157	C:/Users/Kimberly/Desktop/Video Stitching/A2D/A2D Stitched.mp4	2126.290	30.0	Subordinate	Fleeing Male	Subordinate		POINT
424.656	C:/Users/Kimberly/Desktop/Video Stitching/A2D/A2D Stitched.mp4	2126.290	30.0	Dominant	Chase	Aggressive		POINT
428.910	C:/Users/Kimberly/Desktop/Video Stitching/A2D/A2D Stitched.mp4	2126.290	30.0	Dominant	Chase	Aggressive		POINT
433.904	C:/Users/Kimberly/Desktop/Video Stitching/A2D/A2D Stitched.mp4	2126.290	30.0	Dominant	Chase	Aggressive		POINT
435.411	C:/Users/Kimberly/Desktop/Video Stitching/A2D/A2D Stitched.mp4	2126.290	30.0	Dominant	Chase	Aggressive		POINT
435.903	C:/Users/Kimberly/Desktop/Video Stitching/A2D/A2D Stitched.mp4	2126.290	30.0	Subordinate	Fleeing Male	Subordinate		POINT
438.902	C:/Users/Kimberly/Desktop/Video Stitching/A2D/A2D Stitched.mp4	2126.290	30.0	Dominant	Entry/Exit Pot	Reproductive		POINT
448.653	C:/Users/Kimberly/Desktop/Video Stitching/A2D/A2D Stitched.mp4	2126.290	30.0	Dominant	Chase	Aggressive		POINT
448.653	C:/Users/Kimberly/Desktop/Video Stitching/A2D/A2D Stitched.mp4	2126.290	30.0	Dominant	Entry/Exit Pot	Reproductive		POINT
451.404	C:/Users/Kimberly/Desktop/Video Stitching/A2D/A2D Stitched.mp4	2126.290	30.0	Dominant	Chase	Aggressive		POINT
458.658	C:/Users/Kimberly/Desktop/Video Stitching/A2D/A2D Stitched.mp4	2126.290	30.0	Dominant	Entry/Exit Pot	Reproductive		POINT
460.155	C:/Users/Kimberly/Desktop/Video Stitching/A2D/A2D Stitched.mp4	2126.290	30.0	Dominant	Entry/Exit Pot	Reproductive		POINT
461.155	C:/Users/Kimberly/Desktop/Video Stitching/A2D/A2D Stitched.mp4	2126.290	30.0	Dominant	Chase	Aggressive		POINT
466.663	C:/Users/Kimberly/Desktop/Video Stitching/A2D/A2D Stitched.mp4	2126.290	30.0	Dominant	Chase	Aggressive		POINT
468.409	C:/Users/Kimberly/Desktop/Video Stitching/A2D/A2D Stitched.mp4	2126.290	30.0	Subordinate	Fleeing Male	Subordinate		POINT
480.902	C:/Users/Kimberly/Desktop/Video Stitching/A2D/A2D Stitched.mp4	2126.290	30.0	Dominant	Chase	Aggressive		POINT
486.408	C:/Users/Kimberly/Desktop/Video Stitching/A2D/A2D Stitched.mp4	2126.290	30.0	Dominant	Entry/Exit Pot	Reproductive		POINT
487.657	C:/Users/Kimberly/Desktop/Video Stitching/A2D/A2D Stitched.mp4	2126.290	30.0	Dominant	Quiver	Reproductive		POINT
489.406	C:/Users/Kimberly/Desktop/Video Stitching/A2D/A2D Stitched.mp4	2126.290	30.0	Dominant	Chase	Aggressive		POINT
489.406	C:/Users/Kimberly/Desktop/Video Stitching/A2D/A2D Stitched.mp4	2126.290	30.0	Dominant	Entry/Exit Pot	Reproductive		POINT
490.402	C:/Users/Kimberly/Desktop/Video Stitching/A2D/A2D Stitched.mp4	2126.290	30.0	Dominant	Chase	Aggressive		POINT
490.658	C:/Users/Kimberly/Desktop/Video Stitching/A2D/A2D Stitched.mp4	2126.290	30.0	Subordinate	Fleeing Male	Subordinate		POINT
491.655	C:/Users/Kimberly/Desktop/Video Stitching/A2D/A2D Stitched.mp4	2126.290	30.0	Dominant	Chase	Aggressive		POINT
491.655	C:/Users/Kimberly/Desktop/Video Stitching/A2D/A2D Stitched.mp4	2126.290	30.0	Subordinate	Fleeing Male	Subordinate		POINT
492.162	C:/Users/Kimberly/Desktop/Video Stitching/A2D/A2D Stitched.mp4	2126.290	30.0	Dominant	Chase	Aggressive		POINT
503.656	C:/Users/Kimberly/Desktop/Video Stitching/A2D/A2D Stitched.mp4	2126.290	30.0	Dominant	Chase	Aggressive		POINT
530.654	C:/Users/Kimberly/Desktop/Video Stitching/A2D/A2D Stitched.mp4	2126.290	30.0	Dominant	Chase	Aggressive		POINT
537.905	C:/Users/Kimberly/Desktop/Video Stitching/A2D/A2D Stitched.mp4	2126.290	30.0	Dominant	Chase	Aggressive		POINT
537.905	C:/Users/Kimberly/Desktop/Video Stitching/A2D/A2D Stitched.mp4	2126.290	30.0	Subordinate	Fleeing Male	Subordinate		POINT
541.902	C:/Users/Kimberly/Desktop/Video Stitching/A2D/A2D Stitched.mp4	2126.290	30.0	Dominant	Chase	Aggressive		POINT
543.404	C:/Users/Kimberly/Desktop/Video Stitching/A2D/A2D Stitched.mp4	2126.290	30.0	Dominant	Border Fight	Aggressive		POINT
543.404	C:/Users/Kimberly/Desktop/Video Stitching/A2D/A2D Stitched.mp4	2126.290	30.0	Dominant	Chase	Aggressive		POINT
543.903	C:/Users/Kimberly/Desktop/Video Stitching/A2D/A2D Stitched.mp4	2126.290	30.0	Subordinate	Fleeing Male	Subordinate		POINT
544.901	C:/Users/Kimberly/Desktop/Video Stitching/A2D/A2D Stitched.mp4	2126.290	30.0	Dominant	Chase	Aggressive		POINT
547.655	C:/Users/Kimberly/Desktop/Video Stitching/A2D/A2D Stitched.mp4	2126.290	30.0	Dominant	Chase	Aggressive		POINT
550.156	C:/Users/Kimberly/Desktop/Video Stitching/A2D/A2D Stitched.mp4	2126.290	30.0	Dominant	Chase	Aggressive		POINT
550.406	C:/Users/Kimberly/Desktop/Video Stitching/A2D/A2D Stitched.mp4	2126.290	30.0	Subordinate	Fleeing Male	Subordinate		POINT
550.651	C:/Users/Kimberly/Desktop/Video Stitching/A2D/A2D Stitched.mp4	2126.290	30.0	Dominant	Chase	Aggressive		POINT
551.906	C:/Users/Kimberly/Desktop/Video Stitching/A2D/A2D Stitched.mp4	2126.290	30.0	Subordinate	Fleeing Male	Subordinate		POINT
553.651	C:/Users/Kimberly/Desktop/Video Stitching/A2D/A2D Stitched.mp4	2126.290	30.0	Dominant	Chase	Aggressive		POINT
553.905	C:/Users/Kimberly/Desktop/Video Stitching/A2D/A2D Stitched.mp4	2126.290	30.0	Subordinate	Fleeing Male	Subordinate		POINT
555.156	C:/Users/Kimberly/Desktop/Video Stitching/A2D/A2D Stitched.mp4	2126.290	30.0	Dominant	Chase	Aggressive		POINT
560.401	C:/Users/Kimberly/Desktop/Video Stitching/A2D/A2D Stitched.mp4	2126.290	30.0	Dominant	Entry/Exit Pot	Reproductive		POINT
563.406	C:/Users/Kimberly/Desktop/Video Stitching/A2D/A2D Stitched.mp4	2126.290	30.0	Dominant	Entry/Exit Pot	Reproductive		POINT
565.156	C:/Users/Kimberly/Desktop/Video Stitching/A2D/A2D Stitched.mp4	2126.290	30.0	Dominant	Chase	Aggressive		POINT
567.906	C:/Users/Kimberly/Desktop/Video Stitching/A2D/A2D Stitched.mp4	2126.290	30.0	Dominant	Chase	Aggressive		POINT
568.408	C:/Users/Kimberly/Desktop/Video Stitching/A2D/A2D Stitched.mp4	2126.290	30.0	Subordinate	Fleeing Male	Subordinate		POINT
570.656	C:/Users/Kimberly/Desktop/Video Stitching/A2D/A2D Stitched.mp4	2126.290	30.0	Dominant	Chase	Aggressive		POINT
578.904	C:/Users/Kimberly/Desktop/Video Stitching/A2D/A2D Stitched.mp4	2126.290	30.0	Dominant	Chase	Aggressive		POINT
579.404	C:/Users/Kimberly/Desktop/Video Stitching/A2D/A2D Stitched.mp4	2126.290	30.0	Subordinate	Fleeing Male	Subordinate		POINT
583.156	C:/Users/Kimberly/Desktop/Video Stitching/A2D/A2D Stitched.mp4	2126.290	30.0	Dominant	Dig Substrate	Reproductive		POINT
584.402	C:/Users/Kimberly/Desktop/Video Stitching/A2D/A2D Stitched.mp4	2126.290	30.0	Dominant	Chase	Aggressive		POINT
587.156	C:/Users/Kimberly/Desktop/Video Stitching/A2D/A2D Stitched.mp4	2126.290	30.0	Dominant	Chase	Aggressive		POINT
587.905	C:/Users/Kimberly/Desktop/Video Stitching/A2D/A2D Stitched.mp4	2126.290	30.0	Dominant	Fleeing Male	Subordinate		POINT
589.902	C:/Users/Kimberly/Desktop/Video Stitching/A2D/A2D Stitched.mp4	2126.290	30.0	Dominant	Chase	Aggressive		POINT
594.161	C:/Users/Kimberly/Desktop/Video Stitching/A2D/A2D Stitched.mp4	2126.290	30.0	Dominant	Chase	Aggressive		POINT
597.414	C:/Users/Kimberly/Desktop/Video Stitching/A2D/A2D Stitched.mp4	2126.290	30.0	Dominant	Chase	Aggressive		POINT
622.655	C:/Users/Kimberly/Desktop/Video Stitching/A2D/A2D Stitched.mp4	2126.290	30.0	Dominant	Chase	Aggressive		POINT
622.905	C:/Users/Kimberly/Desktop/Video Stitching/A2D/A2D Stitched.mp4	2126.290	30.0	Dominant	Chase	Aggressive		POINT
623.907	C:/Users/Kimberly/Desktop/Video Stitching/A2D/A2D Stitched.mp4	2126.290	30.0	Subordinate	Fleeing Male	Subordinate		POINT
637.154	C:/Users/Kimberly/Desktop/Video Stitching/A2D/A2D Stitched.mp4	2126.290	30.0	Dominant	Entry/Exit Pot	Reproductive		POINT
640.906	C:/Users/Kimberly/Desktop/Video Stitching/A2D/A2D Stitched.mp4	2126.290	30.0	Dominant	Entry/Exit Pot	Reproductive		POINT
641.406	C:/Users/Kimberly/Desktop/Video Stitching/A2D/A2D Stitched.mp4	2126.290	30.0	Dominant	Entry/Exit Pot	Reproductive		POINT
642.157	C:/Users/Kimberly/Desktop/Video Stitching/A2D/A2D Stitched.mp4	2126.290	30.0	Dominant	Entry/Exit Pot	Reproductive		POINT
642.904	C:/Users/Kimberly/Desktop/Video Stitching/A2D/A2D Stitched.mp4	2126.290	30.0	Dominant	Quiver	Reproductive		POINT
648.906	C:/Users/Kimberly/Desktop/Video Stitching/A2D/A2D Stitched.mp4	2126.290	30.0	Dominant	Lead	Reproductive		POINT
651.160	C:/Users/Kimberly/Desktop/Video Stitching/A2D/A2D Stitched.mp4	2126.290	30.0	Dominant	Lead	Reproductive		POINT
654.405	C:/Users/Kimberly/Desktop/Video Stitching/A2D/A2D Stitched.mp4	2126.290	30.0	Dominant	Lateral Side Display	Aggressive		POINT
660.153	C:/Users/Kimberly/Desktop/Video Stitching/A2D/A2D Stitched.mp4	2126.290	30.0	Subordinate	Entry/Exit Pot	Reproductive		POINT
660.403	C:/Users/Kimberly/Desktop/Video Stitching/A2D/A2D Stitched.mp4	2126.290	30.0	Subordinate	Entry/Exit Pot	Reproductive		POINT
660.653	C:/Users/Kimberly/Desktop/Video Stitching/A2D/A2D Stitched.mp4	2126.290	30.0	Subordinate	Dig Substrate	Reproductive		POINT
664.906	C:/Users/Kimberly/Desktop/Video Stitching/A2D/A2D Stitched.mp4	2126.290	30.0	Subordinate	Dig Substrate	Reproductive		POINT
666.404	C:/Users/Kimberly/Desktop/Video Stitching/A2D/A2D Stitched.mp4	2126.290	30.0	Subordinate	Dig Substrate	Reproductive		POINT
668.407	C:/Users/Kimberly/Desktop/Video Stitching/A2D/A2D Stitched.mp4	2126.290	30.0	Subordinate	Dig Substrate	Reproductive		POINT
669.402	C:/Users/Kimberly/Desktop/Video Stitching/A2D/A2D Stitched.mp4	2126.290	30.0	Dominant	Chase	Aggressive		POINT
669.402	C:/Users/Kimberly/Desktop/Video Stitching/A2D/A2D Stitched.mp4	2126.290	30.0	Subordinate	Fleeing Male	Subordinate		POINT
674.654	C:/Users/Kimberly/Desktop/Video Stitching/A2D/A2D Stitched.mp4	2126.290	30.0	Dominant	Dig Substrate	Reproductive		POINT
678.154	C:/Users/Kimberly/Desktop/Video Stitching/A2D/A2D Stitched.mp4	2126.290	30.0	Dominant	Entry/Exit Pot	Reproductive		POINT
684.658	C:/Users/Kimberly/Desktop/Video Stitching/A2D/A2D Stitched.mp4	2126.290	30.0	Dominant	Entry/Exit Pot	Reproductive		POINT
686.154	C:/Users/Kimberly/Desktop/Video Stitching/A2D/A2D Stitched.mp4	2126.290	30.0	Dominant	Lead	Reproductive		POINT
686.904	C:/Users/Kimberly/Desktop/Video Stitching/A2D/A2D Stitched.mp4	2126.290	30.0	Dominant	Chase	Aggressive		POINT
688.905	C:/Users/Kimberly/Desktop/Video Stitching/A2D/A2D Stitched.mp4	2126.290	30.0	Subordinate	Fleeing Male	Subordinate		POINT
689.153	C:/Users/Kimberly/Desktop/Video Stitching/A2D/A2D Stitched.mp4	2126.290	30.0	Dominant	Chase	Aggressive		POINT
689.653	C:/Users/Kimberly/Desktop/Video Stitching/A2D/A2D Stitched.mp4	2126.290	30.0	Subordinate	Fleeing Male	Subordinate		POINT
691.903	C:/Users/Kimberly/Desktop/Video Stitching/A2D/A2D Stitched.mp4	2126.290	30.0	Dominant	Chase	Aggressive		POINT
691.903	C:/Users/Kimberly/Desktop/Video Stitching/A2D/A2D Stitched.mp4	2126.290	30.0	Subordinate	Fleeing Male	Subordinate		POINT
693.656	C:/Users/Kimberly/Desktop/Video Stitching/A2D/A2D Stitched.mp4	2126.290	30.0	Dominant	Chase	Aggressive		POINT
696.156	C:/Users/Kimberly/Desktop/Video Stitching/A2D/A2D Stitched.mp4	2126.290	30.0	Dominant	Chase	Aggressive		POINT
704.402	C:/Users/Kimberly/Desktop/Video Stitching/A2D/A2D Stitched.mp4	2126.290	30.0	Dominant	Lead	Reproductive		POINT
709.404	C:/Users/Kimberly/Desktop/Video Stitching/A2D/A2D Stitched.mp4	2126.290	30.0	Dominant	Entry/Exit Pot	Reproductive		POINT
712.906	C:/Users/Kimberly/Desktop/Video Stitching/A2D/A2D Stitched.mp4	2126.290	30.0	Dominant	Entry/Exit Pot	Reproductive		POINT
713.406	C:/Users/Kimberly/Desktop/Video Stitching/A2D/A2D Stitched.mp4	2126.290	30.0	Dominant	Chase	Aggressive		POINT
715.904	C:/Users/Kimberly/Desktop/Video Stitching/A2D/A2D Stitched.mp4	2126.290	30.0	Dominant	Chase	Aggressive		POINT
718.654	C:/Users/Kimberly/Desktop/Video Stitching/A2D/A2D Stitched.mp4	2126.290	30.0	Dominant	Chase	Aggressive		POINT
720.157	C:/Users/Kimberly/Desktop/Video Stitching/A2D/A2D Stitched.mp4	2126.290	30.0	Dominant	Chase	Aggressive		POINT
720.656	C:/Users/Kimberly/Desktop/Video Stitching/A2D/A2D Stitched.mp4	2126.290	30.0	Subordinate	Fleeing Male	Subordinate		POINT
732.155	C:/Users/Kimberly/Desktop/Video Stitching/A2D/A2D Stitched.mp4	2126.290	30.0	Subordinate	Dig Substrate	Reproductive		POINT
732.908	C:/Users/Kimberly/Desktop/Video Stitching/A2D/A2D Stitched.mp4	2126.290	30.0	Subordinate	Dig Substrate	Reproductive		POINT
735.405	C:/Users/Kimberly/Desktop/Video Stitching/A2D/A2D Stitched.mp4	2126.290	30.0	Subordinate	Dig Substrate	Reproductive		POINT
738.402	C:/Users/Kimberly/Desktop/Video Stitching/A2D/A2D Stitched.mp4	2126.290	30.0	Subordinate	Dig Substrate	Reproductive		POINT
740.154	C:/Users/Kimberly/Desktop/Video Stitching/A2D/A2D Stitched.mp4	2126.290	30.0	Subordinate	Dig Substrate	Reproductive		POINT
741.404	C:/Users/Kimberly/Desktop/Video Stitching/A2D/A2D Stitched.mp4	2126.290	30.0	Subordinate	Dig Substrate	Reproductive		POINT
743.404	C:/Users/Kimberly/Desktop/Video Stitching/A2D/A2D Stitched.mp4	2126.290	30.0	Subordinate	Dig Substrate	Reproductive		POINT
743.659	C:/Users/Kimberly/Desktop/Video Stitching/A2D/A2D Stitched.mp4	2126.290	30.0	Dominant	Lead	Reproductive		POINT
744.405	C:/Users/Kimberly/Desktop/Video Stitching/A2D/A2D Stitched.mp4	2126.290	30.0	Subordinate	Dig Substrate	Reproductive		POINT
760.156	C:/Users/Kimberly/Desktop/Video Stitching/A2D/A2D Stitched.mp4	2126.290	30.0	Subordinate	Foraging	Other		POINT
761.408	C:/Users/Kimberly/Desktop/Video Stitching/A2D/A2D Stitched.mp4	2126.290	30.0	Subordinate	Dig Substrate	Reproductive		POINT
762.404	C:/Users/Kimberly/Desktop/Video Stitching/A2D/A2D Stitched.mp4	2126.290	30.0	Subordinate	Dig Substrate	Reproductive		POINT
764.404	C:/Users/Kimberly/Desktop/Video Stitching/A2D/A2D Stitched.mp4	2126.290	30.0	Subordinate	Dig Substrate	Reproductive		POINT
767.657	C:/Users/Kimberly/Desktop/Video Stitching/A2D/A2D Stitched.mp4	2126.290	30.0	Subordinate	Dig Substrate	Reproductive		POINT
768.404	C:/Users/Kimberly/Desktop/Video Stitching/A2D/A2D Stitched.mp4	2126.290	30.0	Subordinate	Foraging	Other		POINT
769.904	C:/Users/Kimberly/Desktop/Video Stitching/A2D/A2D Stitched.mp4	2126.290	30.0	Subordinate	Foraging	Other		POINT
770.906	C:/Users/Kimberly/Desktop/Video Stitching/A2D/A2D Stitched.mp4	2126.290	30.0	Subordinate	Foraging	Other		POINT
771.654	C:/Users/Kimberly/Desktop/Video Stitching/A2D/A2D Stitched.mp4	2126.290	30.0	Subordinate	Dig Substrate	Reproductive		POINT
775.906	C:/Users/Kimberly/Desktop/Video Stitching/A2D/A2D Stitched.mp4	2126.290	30.0	Subordinate	Entry/Exit Pot	Reproductive		POINT
781.154	C:/Users/Kimberly/Desktop/Video Stitching/A2D/A2D Stitched.mp4	2126.290	30.0	Subordinate	Entry/Exit Pot	Reproductive		POINT
785.659	C:/Users/Kimberly/Desktop/Video Stitching/A2D/A2D Stitched.mp4	2126.290	30.0	Dominant	Chase	Aggressive		POINT
785.659	C:/Users/Kimberly/Desktop/Video Stitching/A2D/A2D Stitched.mp4	2126.290	30.0	Subordinate	Fleeing Male	Subordinate		POINT
786.906	C:/Users/Kimberly/Desktop/Video Stitching/A2D/A2D Stitched.mp4	2126.290	30.0	Dominant	Chase	Aggressive		POINT
786.906	C:/Users/Kimberly/Desktop/Video Stitching/A2D/A2D Stitched.mp4	2126.290	30.0	Subordinate	Fleeing Male	Subordinate		POINT
789.901	C:/Users/Kimberly/Desktop/Video Stitching/A2D/A2D Stitched.mp4	2126.290	30.0	Dominant	Entry/Exit Pot	Reproductive		POINT
792.160	C:/Users/Kimberly/Desktop/Video Stitching/A2D/A2D Stitched.mp4	2126.290	30.0	Dominant	Chase	Aggressive		POINT
792.654	C:/Users/Kimberly/Desktop/Video Stitching/A2D/A2D Stitched.mp4	2126.290	30.0	Subordinate	Fleeing Male	Subordinate		POINT
794.152	C:/Users/Kimberly/Desktop/Video Stitching/A2D/A2D Stitched.mp4	2126.290	30.0	Dominant	Chase	Aggressive		POINT
795.652	C:/Users/Kimberly/Desktop/Video Stitching/A2D/A2D Stitched.mp4	2126.290	30.0	Dominant	Chase	Aggressive		POINT
820.905	C:/Users/Kimberly/Desktop/Video Stitching/A2D/A2D Stitched.mp4	2126.290	30.0	Subordinate	Foraging	Other		POINT
828.655	C:/Users/Kimberly/Desktop/Video Stitching/A2D/A2D Stitched.mp4	2126.290	30.0	Subordinate	Foraging	Other		POINT
829.403	C:/Users/Kimberly/Desktop/Video Stitching/A2D/A2D Stitched.mp4	2126.290	30.0	Subordinate	Foraging	Other		POINT
836.404	C:/Users/Kimberly/Desktop/Video Stitching/A2D/A2D Stitched.mp4	2126.290	30.0	Dominant	Chase	Aggressive		POINT
836.404	C:/Users/Kimberly/Desktop/Video Stitching/A2D/A2D Stitched.mp4	2126.290	30.0	Subordinate	Fleeing Male	Subordinate		POINT
838.406	C:/Users/Kimberly/Desktop/Video Stitching/A2D/A2D Stitched.mp4	2126.290	30.0	Dominant	Chase	Aggressive		POINT
838.406	C:/Users/Kimberly/Desktop/Video Stitching/A2D/A2D Stitched.mp4	2126.290	30.0	Subordinate	Fleeing Male	Subordinate		POINT
846.152	C:/Users/Kimberly/Desktop/Video Stitching/A2D/A2D Stitched.mp4	2126.290	30.0	Dominant	Chase	Aggressive		POINT
846.152	C:/Users/Kimberly/Desktop/Video Stitching/A2D/A2D Stitched.mp4	2126.290	30.0	Subordinate	Fleeing Male	Subordinate		POINT
848.659	C:/Users/Kimberly/Desktop/Video Stitching/A2D/A2D Stitched.mp4	2126.290	30.0	Dominant	Chase	Aggressive		POINT
849.406	C:/Users/Kimberly/Desktop/Video Stitching/A2D/A2D Stitched.mp4	2126.290	30.0	Dominant	Chase	Aggressive		POINT
852.906	C:/Users/Kimberly/Desktop/Video Stitching/A2D/A2D Stitched.mp4	2126.290	30.0	Dominant	Lead	Reproductive		POINT
854.404	C:/Users/Kimberly/Desktop/Video Stitching/A2D/A2D Stitched.mp4	2126.290	30.0	Dominant	Entry/Exit Pot	Reproductive		POINT
866.656	C:/Users/Kimberly/Desktop/Video Stitching/A2D/A2D Stitched.mp4	2126.290	30.0	Dominant	Entry/Exit Pot	Reproductive		POINT
868.405	C:/Users/Kimberly/Desktop/Video Stitching/A2D/A2D Stitched.mp4	2126.290	30.0	Dominant	Chase	Aggressive		POINT
868.405	C:/Users/Kimberly/Desktop/Video Stitching/A2D/A2D Stitched.mp4	2126.290	30.0	Subordinate	Fleeing Male	Subordinate		POINT
869.905	C:/Users/Kimberly/Desktop/Video Stitching/A2D/A2D Stitched.mp4	2126.290	30.0	Subordinate	Foraging	Other		POINT
876.403	C:/Users/Kimberly/Desktop/Video Stitching/A2D/A2D Stitched.mp4	2126.290	30.0	Dominant	Chase	Aggressive		POINT
876.403	C:/Users/Kimberly/Desktop/Video Stitching/A2D/A2D Stitched.mp4	2126.290	30.0	Subordinate	Fleeing Male	Subordinate		POINT
879.404	C:/Users/Kimberly/Desktop/Video Stitching/A2D/A2D Stitched.mp4	2126.290	30.0	Dominant	Lead	Reproductive		POINT
880.906	C:/Users/Kimberly/Desktop/Video Stitching/A2D/A2D Stitched.mp4	2126.290	30.0	Dominant	Chase	Aggressive		POINT
882.407	C:/Users/Kimberly/Desktop/Video Stitching/A2D/A2D Stitched.mp4	2126.290	30.0	Dominant	Chase	Aggressive		POINT
884.154	C:/Users/Kimberly/Desktop/Video Stitching/A2D/A2D Stitched.mp4	2126.290	30.0	Dominant	Chase	Aggressive		POINT
884.904	C:/Users/Kimberly/Desktop/Video Stitching/A2D/A2D Stitched.mp4	2126.290	30.0	Dominant	Chase	Aggressive		POINT
885.904	C:/Users/Kimberly/Desktop/Video Stitching/A2D/A2D Stitched.mp4	2126.290	30.0	Dominant	Chase	Aggressive		POINT
885.904	C:/Users/Kimberly/Desktop/Video Stitching/A2D/A2D Stitched.mp4	2126.290	30.0	Subordinate	Fleeing Male	Subordinate		POINT
886.654	C:/Users/Kimberly/Desktop/Video Stitching/A2D/A2D Stitched.mp4	2126.290	30.0	Dominant	Chase	Aggressive		POINT
886.906	C:/Users/Kimberly/Desktop/Video Stitching/A2D/A2D Stitched.mp4	2126.290	30.0	Subordinate	Fleeing Male	Subordinate		POINT
891.403	C:/Users/Kimberly/Desktop/Video Stitching/A2D/A2D Stitched.mp4	2126.290	30.0	Dominant	Entry/Exit Pot	Reproductive		POINT
894.906	C:/Users/Kimberly/Desktop/Video Stitching/A2D/A2D Stitched.mp4	2126.290	30.0	Dominant	Entry/Exit Pot	Reproductive		POINT
897.151	C:/Users/Kimberly/Desktop/Video Stitching/A2D/A2D Stitched.mp4	2126.290	30.0	Dominant	Lead	Reproductive		POINT
903.155	C:/Users/Kimberly/Desktop/Video Stitching/A2D/A2D Stitched.mp4	2126.290	30.0	Dominant	Entry/Exit Pot	Reproductive		POINT
906.904	C:/Users/Kimberly/Desktop/Video Stitching/A2D/A2D Stitched.mp4	2126.290	30.0	Dominant	Entry/Exit Pot	Reproductive		POINT
908.405	C:/Users/Kimberly/Desktop/Video Stitching/A2D/A2D Stitched.mp4	2126.290	30.0	Dominant	Lead	Reproductive		POINT
913.905	C:/Users/Kimberly/Desktop/Video Stitching/A2D/A2D Stitched.mp4	2126.290	30.0	Dominant	Chase	Aggressive		POINT
913.905	C:/Users/Kimberly/Desktop/Video Stitching/A2D/A2D Stitched.mp4	2126.290	30.0	Subordinate	Fleeing Male	Subordinate		POINT
915.910	C:/Users/Kimberly/Desktop/Video Stitching/A2D/A2D Stitched.mp4	2126.290	30.0	Dominant	Chase	Aggressive		POINT
915.910	C:/Users/Kimberly/Desktop/Video Stitching/A2D/A2D Stitched.mp4	2126.290	30.0	Subordinate	Fleeing Male	Subordinate		POINT
938.407	C:/Users/Kimberly/Desktop/Video Stitching/A2D/A2D Stitched.mp4	2126.290	30.0	Subordinate	Foraging	Other		POINT
940.154	C:/Users/Kimberly/Desktop/Video Stitching/A2D/A2D Stitched.mp4	2126.290	30.0	Subordinate	Foraging	Other		POINT
953.904	C:/Users/Kimberly/Desktop/Video Stitching/A2D/A2D Stitched.mp4	2126.290	30.0	Subordinate	Dig Substrate	Reproductive		POINT
955.654	C:/Users/Kimberly/Desktop/Video Stitching/A2D/A2D Stitched.mp4	2126.290	30.0	Subordinate	Dig Substrate	Reproductive		POINT
957.154	C:/Users/Kimberly/Desktop/Video Stitching/A2D/A2D Stitched.mp4	2126.290	30.0	Subordinate	Dig Substrate	Reproductive		POINT
958.152	C:/Users/Kimberly/Desktop/Video Stitching/A2D/A2D Stitched.mp4	2126.290	30.0	Dominant	Chase	Aggressive		POINT
958.152	C:/Users/Kimberly/Desktop/Video Stitching/A2D/A2D Stitched.mp4	2126.290	30.0	Subordinate	Fleeing Male	Subordinate		POINT
967.404	C:/Users/Kimberly/Desktop/Video Stitching/A2D/A2D Stitched.mp4	2126.290	30.0	Subordinate	Dig Substrate	Reproductive		POINT
968.654	C:/Users/Kimberly/Desktop/Video Stitching/A2D/A2D Stitched.mp4	2126.290	30.0	Dominant	Chase	Aggressive		POINT
968.654	C:/Users/Kimberly/Desktop/Video Stitching/A2D/A2D Stitched.mp4	2126.290	30.0	Subordinate	Fleeing Male	Subordinate		POINT
969.905	C:/Users/Kimberly/Desktop/Video Stitching/A2D/A2D Stitched.mp4	2126.290	30.0	Dominant	Chase	Aggressive		POINT
969.905	C:/Users/Kimberly/Desktop/Video Stitching/A2D/A2D Stitched.mp4	2126.290	30.0	Subordinate	Fleeing Male	Subordinate		POINT
974.156	C:/Users/Kimberly/Desktop/Video Stitching/A2D/A2D Stitched.mp4	2126.290	30.0	Dominant	Lead	Reproductive		POINT
977.655	C:/Users/Kimberly/Desktop/Video Stitching/A2D/A2D Stitched.mp4	2126.290	30.0	Dominant	Lead	Reproductive		POINT
979.406	C:/Users/Kimberly/Desktop/Video Stitching/A2D/A2D Stitched.mp4	2126.290	30.0	Dominant	Lead	Reproductive		POINT
981.904	C:/Users/Kimberly/Desktop/Video Stitching/A2D/A2D Stitched.mp4	2126.290	30.0	Dominant	Entry/Exit Pot	Reproductive		POINT
988.154	C:/Users/Kimberly/Desktop/Video Stitching/A2D/A2D Stitched.mp4	2126.290	30.0	Dominant	Chase	Aggressive		POINT
988.154	C:/Users/Kimberly/Desktop/Video Stitching/A2D/A2D Stitched.mp4	2126.290	30.0	Dominant	Entry/Exit Pot	Reproductive		POINT
989.406	C:/Users/Kimberly/Desktop/Video Stitching/A2D/A2D Stitched.mp4	2126.290	30.0	Dominant	Entry/Exit Pot	Reproductive		POINT
993.656	C:/Users/Kimberly/Desktop/Video Stitching/A2D/A2D Stitched.mp4	2126.290	30.0	Dominant	Entry/Exit Pot	Reproductive		POINT
994.406	C:/Users/Kimberly/Desktop/Video Stitching/A2D/A2D Stitched.mp4	2126.290	30.0	Dominant	Lead	Reproductive		POINT
995.656	C:/Users/Kimberly/Desktop/Video Stitching/A2D/A2D Stitched.mp4	2126.290	30.0	Dominant	Lead	Reproductive		POINT
999.903	C:/Users/Kimberly/Desktop/Video Stitching/A2D/A2D Stitched.mp4	2126.290	30.0	Dominant	Chase	Aggressive		POINT
999.903	C:/Users/Kimberly/Desktop/Video Stitching/A2D/A2D Stitched.mp4	2126.290	30.0	Subordinate	Fleeing Male	Subordinate		POINT
1005.154	C:/Users/Kimberly/Desktop/Video Stitching/A2D/A2D Stitched.mp4	2126.290	30.0	Dominant	Dig Substrate	Reproductive		POINT
1007.152	C:/Users/Kimberly/Desktop/Video Stitching/A2D/A2D Stitched.mp4	2126.290	30.0	Dominant	Dig Substrate	Reproductive		POINT
1007.903	C:/Users/Kimberly/Desktop/Video Stitching/A2D/A2D Stitched.mp4	2126.290	30.0	Dominant	Foraging	Other		POINT
1008.910	C:/Users/Kimberly/Desktop/Video Stitching/A2D/A2D Stitched.mp4	2126.290	30.0	Dominant	Foraging	Other		POINT
1012.403	C:/Users/Kimberly/Desktop/Video Stitching/A2D/A2D Stitched.mp4	2126.290	30.0	Dominant	Chase	Aggressive		POINT
1012.403	C:/Users/Kimberly/Desktop/Video Stitching/A2D/A2D Stitched.mp4	2126.290	30.0	Subordinate	Fleeing Male	Subordinate		POINT
1015.655	C:/Users/Kimberly/Desktop/Video Stitching/A2D/A2D Stitched.mp4	2126.290	30.0	Dominant	Entry/Exit Pot	Reproductive		POINT
1019.904	C:/Users/Kimberly/Desktop/Video Stitching/A2D/A2D Stitched.mp4	2126.290	30.0	Dominant	Entry/Exit Pot	Reproductive		POINT
1022.653	C:/Users/Kimberly/Desktop/Video Stitching/A2D/A2D Stitched.mp4	2126.290	30.0	Dominant	Chase	Aggressive		POINT
1027.901	C:/Users/Kimberly/Desktop/Video Stitching/A2D/A2D Stitched.mp4	2126.290	30.0	Dominant	Dig Substrate	Reproductive		POINT
1029.151	C:/Users/Kimberly/Desktop/Video Stitching/A2D/A2D Stitched.mp4	2126.290	30.0	Dominant	Dig Substrate	Reproductive		POINT
1031.907	C:/Users/Kimberly/Desktop/Video Stitching/A2D/A2D Stitched.mp4	2126.290	30.0	Dominant	Dig Substrate	Reproductive		POINT
1033.156	C:/Users/Kimberly/Desktop/Video Stitching/A2D/A2D Stitched.mp4	2126.290	30.0	Dominant	Dig Substrate	Reproductive		POINT
1034.651	C:/Users/Kimberly/Desktop/Video Stitching/A2D/A2D Stitched.mp4	2126.290	30.0	Dominant	Dig Substrate	Reproductive		POINT
1042.154	C:/Users/Kimberly/Desktop/Video Stitching/A2D/A2D Stitched.mp4	2126.290	30.0	Dominant	Chase	Aggressive		POINT
1042.154	C:/Users/Kimberly/Desktop/Video Stitching/A2D/A2D Stitched.mp4	2126.290	30.0	Subordinate	Fleeing Male	Subordinate		POINT
1044.406	C:/Users/Kimberly/Desktop/Video Stitching/A2D/A2D Stitched.mp4	2126.290	30.0	Subordinate	Fleeing Male	Subordinate		POINT
1045.658	C:/Users/Kimberly/Desktop/Video Stitching/A2D/A2D Stitched.mp4	2126.290	30.0	Dominant	Chase	Aggressive		POINT
1046.905	C:/Users/Kimberly/Desktop/Video Stitching/A2D/A2D Stitched.mp4	2126.290	30.0	Subordinate	Fleeing Male	Subordinate		POINT
1053.163	C:/Users/Kimberly/Desktop/Video Stitching/A2D/A2D Stitched.mp4	2126.290	30.0	Dominant	Lead	Reproductive		POINT
1084.155	C:/Users/Kimberly/Desktop/Video Stitching/A2D/A2D Stitched.mp4	2126.290	30.0	Subordinate	Foraging	Other		POINT
1084.905	C:/Users/Kimberly/Desktop/Video Stitching/A2D/A2D Stitched.mp4	2126.290	30.0	Subordinate	Foraging	Other		POINT
1085.905	C:/Users/Kimberly/Desktop/Video Stitching/A2D/A2D Stitched.mp4	2126.290	30.0	Subordinate	Foraging	Other		POINT
1086.659	C:/Users/Kimberly/Desktop/Video Stitching/A2D/A2D Stitched.mp4	2126.290	30.0	Subordinate	Foraging	Other		POINT
1088.656	C:/Users/Kimberly/Desktop/Video Stitching/A2D/A2D Stitched.mp4	2126.290	30.0	Dominant	Chase	Aggressive		POINT
1088.656	C:/Users/Kimberly/Desktop/Video Stitching/A2D/A2D Stitched.mp4	2126.290	30.0	Subordinate	Fleeing Male	Subordinate		POINT
1095.153	C:/Users/Kimberly/Desktop/Video Stitching/A2D/A2D Stitched.mp4	2126.290	30.0	Dominant	Foraging	Other		POINT
1099.653	C:/Users/Kimberly/Desktop/Video Stitching/A2D/A2D Stitched.mp4	2126.290	30.0	Dominant	Chase	Aggressive		POINT
1102.903	C:/Users/Kimberly/Desktop/Video Stitching/A2D/A2D Stitched.mp4	2126.290	30.0	Dominant	Entry/Exit Pot	Reproductive		POINT
1107.903	C:/Users/Kimberly/Desktop/Video Stitching/A2D/A2D Stitched.mp4	2126.290	30.0	Dominant	Pot Dig	Reproductive		POINT
1115.651	C:/Users/Kimberly/Desktop/Video Stitching/A2D/A2D Stitched.mp4	2126.290	30.0	Dominant	Pot Dig	Reproductive		POINT
1117.156	C:/Users/Kimberly/Desktop/Video Stitching/A2D/A2D Stitched.mp4	2126.290	30.0	Dominant	Entry/Exit Pot	Reproductive		POINT
1120.906	C:/Users/Kimberly/Desktop/Video Stitching/A2D/A2D Stitched.mp4	2126.290	30.0	Dominant	Chase	Aggressive		POINT
1120.906	C:/Users/Kimberly/Desktop/Video Stitching/A2D/A2D Stitched.mp4	2126.290	30.0	Subordinate	Fleeing Male	Subordinate		POINT
1134.406	C:/Users/Kimberly/Desktop/Video Stitching/A2D/A2D Stitched.mp4	2126.290	30.0	Dominant	Chase	Aggressive		POINT
1152.902	C:/Users/Kimberly/Desktop/Video Stitching/A2D/A2D Stitched.mp4	2126.290	30.0	Dominant	Lead	Reproductive		POINT
1157.152	C:/Users/Kimberly/Desktop/Video Stitching/A2D/A2D Stitched.mp4	2126.290	30.0	Dominant	Chase	Aggressive		POINT
1162.405	C:/Users/Kimberly/Desktop/Video Stitching/A2D/A2D Stitched.mp4	2126.290	30.0	Dominant	Quiver	Reproductive		POINT
1164.407	C:/Users/Kimberly/Desktop/Video Stitching/A2D/A2D Stitched.mp4	2126.290	30.0	Dominant	Chase	Aggressive		POINT
1164.407	C:/Users/Kimberly/Desktop/Video Stitching/A2D/A2D Stitched.mp4	2126.290	30.0	Subordinate	Fleeing Male	Subordinate		POINT
1165.903	C:/Users/Kimberly/Desktop/Video Stitching/A2D/A2D Stitched.mp4	2126.290	30.0	Dominant	Chase	Aggressive		POINT
1165.903	C:/Users/Kimberly/Desktop/Video Stitching/A2D/A2D Stitched.mp4	2126.290	30.0	Subordinate	Fleeing Male	Subordinate		POINT
1167.655	C:/Users/Kimberly/Desktop/Video Stitching/A2D/A2D Stitched.mp4	2126.290	30.0	Dominant	Chase	Aggressive		POINT
1167.655	C:/Users/Kimberly/Desktop/Video Stitching/A2D/A2D Stitched.mp4	2126.290	30.0	Subordinate	Fleeing Male	Subordinate		POINT
1170.907	C:/Users/Kimberly/Desktop/Video Stitching/A2D/A2D Stitched.mp4	2126.290	30.0	Dominant	Chase	Aggressive		POINT
1170.907	C:/Users/Kimberly/Desktop/Video Stitching/A2D/A2D Stitched.mp4	2126.290	30.0	Subordinate	Fleeing Male	Subordinate		POINT
1177.904	C:/Users/Kimberly/Desktop/Video Stitching/A2D/A2D Stitched.mp4	2126.290	30.0	Dominant	Foraging	Other		POINT
1185.660	C:/Users/Kimberly/Desktop/Video Stitching/A2D/A2D Stitched.mp4	2126.290	30.0	Subordinate	Dig Substrate	Reproductive		POINT
1189.656	C:/Users/Kimberly/Desktop/Video Stitching/A2D/A2D Stitched.mp4	2126.290	30.0	Dominant	Chase	Aggressive		POINT
1189.656	C:/Users/Kimberly/Desktop/Video Stitching/A2D/A2D Stitched.mp4	2126.290	30.0	Subordinate	Fleeing Male	Subordinate		POINT
1191.153	C:/Users/Kimberly/Desktop/Video Stitching/A2D/A2D Stitched.mp4	2126.290	30.0	Subordinate	Dig Substrate	Reproductive		POINT
1192.159	C:/Users/Kimberly/Desktop/Video Stitching/A2D/A2D Stitched.mp4	2126.290	30.0	Dominant	Chase	Aggressive		POINT
1192.159	C:/Users/Kimberly/Desktop/Video Stitching/A2D/A2D Stitched.mp4	2126.290	30.0	Subordinate	Fleeing Male	Subordinate		POINT
1198.154	C:/Users/Kimberly/Desktop/Video Stitching/A2D/A2D Stitched.mp4	2126.290	30.0	Dominant	Lead	Reproductive		POINT
1200.404	C:/Users/Kimberly/Desktop/Video Stitching/A2D/A2D Stitched.mp4	2126.290	30.0	Dominant	Chase	Aggressive		POINT
1201.156	C:/Users/Kimberly/Desktop/Video Stitching/A2D/A2D Stitched.mp4	2126.290	30.0	Subordinate	Fleeing Male	Subordinate		POINT
1201.907	C:/Users/Kimberly/Desktop/Video Stitching/A2D/A2D Stitched.mp4	2126.290	30.0	Dominant	Chase	Aggressive		POINT
1201.907	C:/Users/Kimberly/Desktop/Video Stitching/A2D/A2D Stitched.mp4	2126.290	30.0	Subordinate	Fleeing Male	Subordinate		POINT
1205.910	C:/Users/Kimberly/Desktop/Video Stitching/A2D/A2D Stitched.mp4	2126.290	30.0	Dominant	Entry/Exit Pot	Reproductive		POINT
1209.657	C:/Users/Kimberly/Desktop/Video Stitching/A2D/A2D Stitched.mp4	2126.290	30.0	Dominant	Pot Dig	Reproductive		POINT
1217.153	C:/Users/Kimberly/Desktop/Video Stitching/A2D/A2D Stitched.mp4	2126.290	30.0	Dominant	Pot Dig	Reproductive		POINT
1217.405	C:/Users/Kimberly/Desktop/Video Stitching/A2D/A2D Stitched.mp4	2126.290	30.0	Subordinate	Dig Substrate	Reproductive		POINT
1217.653	C:/Users/Kimberly/Desktop/Video Stitching/A2D/A2D Stitched.mp4	2126.290	30.0	Dominant	Chase	Aggressive		POINT
1217.653	C:/Users/Kimberly/Desktop/Video Stitching/A2D/A2D Stitched.mp4	2126.290	30.0	Dominant	Entry/Exit Pot	Reproductive		POINT
1218.153	C:/Users/Kimberly/Desktop/Video Stitching/A2D/A2D Stitched.mp4	2126.290	30.0	Subordinate	Fleeing Male	Subordinate		POINT
1218.654	C:/Users/Kimberly/Desktop/Video Stitching/A2D/A2D Stitched.mp4	2126.290	30.0	Dominant	Scrape	Aggressive		POINT
1231.655	C:/Users/Kimberly/Desktop/Video Stitching/A2D/A2D Stitched.mp4	2126.290	30.0	Subordinate	Dig Substrate	Reproductive		POINT
1233.904	C:/Users/Kimberly/Desktop/Video Stitching/A2D/A2D Stitched.mp4	2126.290	30.0	Subordinate	Dig Substrate	Reproductive		POINT
1234.405	C:/Users/Kimberly/Desktop/Video Stitching/A2D/A2D Stitched.mp4	2126.290	30.0	Dominant	Chase	Aggressive		POINT
1234.909	C:/Users/Kimberly/Desktop/Video Stitching/A2D/A2D Stitched.mp4	2126.290	30.0	Subordinate	Fleeing Male	Subordinate		POINT
1241.906	C:/Users/Kimberly/Desktop/Video Stitching/A2D/A2D Stitched.mp4	2126.290	30.0	Dominant	Chase	Aggressive		POINT
1242.403	C:/Users/Kimberly/Desktop/Video Stitching/A2D/A2D Stitched.mp4	2126.290	30.0	Subordinate	Fleeing Male	Subordinate		POINT
1245.402	C:/Users/Kimberly/Desktop/Video Stitching/A2D/A2D Stitched.mp4	2126.290	30.0	Dominant	Lateral Side Display	Aggressive		POINT
1251.906	C:/Users/Kimberly/Desktop/Video Stitching/A2D/A2D Stitched.mp4	2126.290	30.0	Dominant	Chase	Aggressive		POINT
1269.904	C:/Users/Kimberly/Desktop/Video Stitching/A2D/A2D Stitched.mp4	2126.290	30.0	Subordinate	Dig Substrate	Reproductive		POINT
1271.404	C:/Users/Kimberly/Desktop/Video Stitching/A2D/A2D Stitched.mp4	2126.290	30.0	Subordinate	Dig Substrate	Reproductive		POINT
1273.156	C:/Users/Kimberly/Desktop/Video Stitching/A2D/A2D Stitched.mp4	2126.290	30.0	Subordinate	Dig Substrate	Reproductive		POINT
1275.156	C:/Users/Kimberly/Desktop/Video Stitching/A2D/A2D Stitched.mp4	2126.290	30.0	Subordinate	Dig Substrate	Reproductive		POINT
1276.656	C:/Users/Kimberly/Desktop/Video Stitching/A2D/A2D Stitched.mp4	2126.290	30.0	Subordinate	Dig Substrate	Reproductive		POINT
1277.656	C:/Users/Kimberly/Desktop/Video Stitching/A2D/A2D Stitched.mp4	2126.290	30.0	Subordinate	Dig Substrate	Reproductive		POINT
1279.656	C:/Users/Kimberly/Desktop/Video Stitching/A2D/A2D Stitched.mp4	2126.290	30.0	Subordinate	Dig Substrate	Reproductive		POINT
1280.660	C:/Users/Kimberly/Desktop/Video Stitching/A2D/A2D Stitched.mp4	2126.290	30.0	Subordinate	Dig Substrate	Reproductive		POINT
1282.160	C:/Users/Kimberly/Desktop/Video Stitching/A2D/A2D Stitched.mp4	2126.290	30.0	Subordinate	Dig Substrate	Reproductive		POINT
1285.406	C:/Users/Kimberly/Desktop/Video Stitching/A2D/A2D Stitched.mp4	2126.290	30.0	Subordinate	Dig Substrate	Reproductive		POINT
1286.156	C:/Users/Kimberly/Desktop/Video Stitching/A2D/A2D Stitched.mp4	2126.290	30.0	Subordinate	Dig Substrate	Reproductive		POINT
1289.155	C:/Users/Kimberly/Desktop/Video Stitching/A2D/A2D Stitched.mp4	2126.290	30.0	Subordinate	Dig Substrate	Reproductive		POINT
1291.156	C:/Users/Kimberly/Desktop/Video Stitching/A2D/A2D Stitched.mp4	2126.290	30.0	Subordinate	Dig Substrate	Reproductive		POINT
1292.656	C:/Users/Kimberly/Desktop/Video Stitching/A2D/A2D Stitched.mp4	2126.290	30.0	Subordinate	Dig Substrate	Reproductive		POINT
1294.408	C:/Users/Kimberly/Desktop/Video Stitching/A2D/A2D Stitched.mp4	2126.290	30.0	Subordinate	Dig Substrate	Reproductive		POINT
1296.156	C:/Users/Kimberly/Desktop/Video Stitching/A2D/A2D Stitched.mp4	2126.290	30.0	Subordinate	Dig Substrate	Reproductive		POINT
1297.656	C:/Users/Kimberly/Desktop/Video Stitching/A2D/A2D Stitched.mp4	2126.290	30.0	Dominant	Chase	Aggressive		POINT
1297.656	C:/Users/Kimberly/Desktop/Video Stitching/A2D/A2D Stitched.mp4	2126.290	30.0	Subordinate	Fleeing Male	Subordinate		POINT
1300.910	C:/Users/Kimberly/Desktop/Video Stitching/A2D/A2D Stitched.mp4	2126.290	30.0	Dominant	Chase	Aggressive		POINT
1303.408	C:/Users/Kimberly/Desktop/Video Stitching/A2D/A2D Stitched.mp4	2126.290	30.0	Dominant	Entry/Exit Pot	Reproductive		POINT
1304.402	C:/Users/Kimberly/Desktop/Video Stitching/A2D/A2D Stitched.mp4	2126.290	30.0	Dominant	Quiver	Reproductive		POINT
1305.658	C:/Users/Kimberly/Desktop/Video Stitching/A2D/A2D Stitched.mp4	2126.290	30.0	Dominant	Entry/Exit Pot	Reproductive		POINT
1309.153	C:/Users/Kimberly/Desktop/Video Stitching/A2D/A2D Stitched.mp4	2126.290	30.0	Dominant	Entry/Exit Pot	Reproductive		POINT
1313.910	C:/Users/Kimberly/Desktop/Video Stitching/A2D/A2D Stitched.mp4	2126.290	30.0	Dominant	Chase	Aggressive		POINT
1313.910	C:/Users/Kimberly/Desktop/Video Stitching/A2D/A2D Stitched.mp4	2126.290	30.0	Dominant	Entry/Exit Pot	Reproductive		POINT
1313.910	C:/Users/Kimberly/Desktop/Video Stitching/A2D/A2D Stitched.mp4	2126.290	30.0	Subordinate	Fleeing Male	Subordinate		POINT
1317.157	C:/Users/Kimberly/Desktop/Video Stitching/A2D/A2D Stitched.mp4	2126.290	30.0	Dominant	Chase	Aggressive		POINT
1323.407	C:/Users/Kimberly/Desktop/Video Stitching/A2D/A2D Stitched.mp4	2126.290	30.0	Dominant	Entry/Exit Pot	Reproductive		POINT
1330.151	C:/Users/Kimberly/Desktop/Video Stitching/A2D/A2D Stitched.mp4	2126.290	30.0	Dominant	Pot Dig	Reproductive		POINT
1331.655	C:/Users/Kimberly/Desktop/Video Stitching/A2D/A2D Stitched.mp4	2126.290	30.0	Dominant	Entry/Exit Pot	Reproductive		POINT
1331.655	C:/Users/Kimberly/Desktop/Video Stitching/A2D/A2D Stitched.mp4	2126.290	30.0	Dominant	Pot Dig	Reproductive		POINT
1332.404	C:/Users/Kimberly/Desktop/Video Stitching/A2D/A2D Stitched.mp4	2126.290	30.0	Dominant	Chase	Aggressive		POINT
1332.659	C:/Users/Kimberly/Desktop/Video Stitching/A2D/A2D Stitched.mp4	2126.290	30.0	Dominant	Entry/Exit Pot	Reproductive		POINT
1333.904	C:/Users/Kimberly/Desktop/Video Stitching/A2D/A2D Stitched.mp4	2126.290	30.0	Dominant	Entry/Exit Pot	Reproductive		POINT
1335.905	C:/Users/Kimberly/Desktop/Video Stitching/A2D/A2D Stitched.mp4	2126.290	30.0	Dominant	Chase	Aggressive		POINT
1341.906	C:/Users/Kimberly/Desktop/Video Stitching/A2D/A2D Stitched.mp4	2126.290	30.0	Dominant	Pot Dig	Reproductive		POINT
1342.658	C:/Users/Kimberly/Desktop/Video Stitching/A2D/A2D Stitched.mp4	2126.290	30.0	Dominant	Pot Dig	Reproductive		POINT
1343.904	C:/Users/Kimberly/Desktop/Video Stitching/A2D/A2D Stitched.mp4	2126.290	30.0	Dominant	Pot Dig	Reproductive		POINT
1344.656	C:/Users/Kimberly/Desktop/Video Stitching/A2D/A2D Stitched.mp4	2126.290	30.0	Dominant	Pot Dig	Reproductive		POINT
1347.157	C:/Users/Kimberly/Desktop/Video Stitching/A2D/A2D Stitched.mp4	2126.290	30.0	Dominant	Pot Dig	Reproductive		POINT
1351.654	C:/Users/Kimberly/Desktop/Video Stitching/A2D/A2D Stitched.mp4	2126.290	30.0	Dominant	Pot Dig	Reproductive		POINT
1356.157	C:/Users/Kimberly/Desktop/Video Stitching/A2D/A2D Stitched.mp4	2126.290	30.0	Subordinate	Dig Substrate	Reproductive		POINT
1358.654	C:/Users/Kimberly/Desktop/Video Stitching/A2D/A2D Stitched.mp4	2126.290	30.0	Subordinate	Dig Substrate	Reproductive		POINT
1358.905	C:/Users/Kimberly/Desktop/Video Stitching/A2D/A2D Stitched.mp4	2126.290	30.0	Dominant	Entry/Exit Pot	Reproductive		POINT
1360.407	C:/Users/Kimberly/Desktop/Video Stitching/A2D/A2D Stitched.mp4	2126.290	30.0	Dominant	Lead	Reproductive		POINT
1361.655	C:/Users/Kimberly/Desktop/Video Stitching/A2D/A2D Stitched.mp4	2126.290	30.0	Dominant	Quiver	Reproductive		POINT
1362.658	C:/Users/Kimberly/Desktop/Video Stitching/A2D/A2D Stitched.mp4	2126.290	30.0	Dominant	Chase	Aggressive		POINT
1362.658	C:/Users/Kimberly/Desktop/Video Stitching/A2D/A2D Stitched.mp4	2126.290	30.0	Subordinate	Dig Substrate	Reproductive		POINT
1362.658	C:/Users/Kimberly/Desktop/Video Stitching/A2D/A2D Stitched.mp4	2126.290	30.0	Subordinate	Fleeing Male	Subordinate		POINT
1366.658	C:/Users/Kimberly/Desktop/Video Stitching/A2D/A2D Stitched.mp4	2126.290	30.0	Dominant	Chase	Aggressive		POINT
1366.658	C:/Users/Kimberly/Desktop/Video Stitching/A2D/A2D Stitched.mp4	2126.290	30.0	Subordinate	Fleeing Male	Subordinate		POINT
1370.910	C:/Users/Kimberly/Desktop/Video Stitching/A2D/A2D Stitched.mp4	2126.290	30.0	Subordinate	Foraging	Other		POINT
1371.156	C:/Users/Kimberly/Desktop/Video Stitching/A2D/A2D Stitched.mp4	2126.290	30.0	Dominant	Chase	Aggressive		POINT
1371.653	C:/Users/Kimberly/Desktop/Video Stitching/A2D/A2D Stitched.mp4	2126.290	30.0	Subordinate	Fleeing Male	Subordinate		POINT
1394.405	C:/Users/Kimberly/Desktop/Video Stitching/A2D/A2D Stitched.mp4	2126.290	30.0	Dominant	Chase	Aggressive		POINT
1400.654	C:/Users/Kimberly/Desktop/Video Stitching/A2D/A2D Stitched.mp4	2126.290	30.0	Dominant	Entry/Exit Pot	Reproductive		POINT
1402.405	C:/Users/Kimberly/Desktop/Video Stitching/A2D/A2D Stitched.mp4	2126.290	30.0	Dominant	Pot Dig	Reproductive		POINT
1403.904	C:/Users/Kimberly/Desktop/Video Stitching/A2D/A2D Stitched.mp4	2126.290	30.0	Dominant	Pot Dig	Reproductive		POINT
1404.654	C:/Users/Kimberly/Desktop/Video Stitching/A2D/A2D Stitched.mp4	2126.290	30.0	Dominant	Pot Dig	Reproductive		POINT
1407.154	C:/Users/Kimberly/Desktop/Video Stitching/A2D/A2D Stitched.mp4	2126.290	30.0	Dominant	Entry/Exit Pot	Reproductive		POINT
1407.904	C:/Users/Kimberly/Desktop/Video Stitching/A2D/A2D Stitched.mp4	2126.290	30.0	Dominant	Chase	Aggressive		POINT
1409.156	C:/Users/Kimberly/Desktop/Video Stitching/A2D/A2D Stitched.mp4	2126.290	30.0	Dominant	Chase	Aggressive		POINT
1409.656	C:/Users/Kimberly/Desktop/Video Stitching/A2D/A2D Stitched.mp4	2126.290	30.0	Dominant	Chase	Aggressive		POINT
1443.904	C:/Users/Kimberly/Desktop/Video Stitching/A2D/A2D Stitched.mp4	2126.290	30.0	Subordinate	Dig Substrate	Reproductive		POINT
1445.901	C:/Users/Kimberly/Desktop/Video Stitching/A2D/A2D Stitched.mp4	2126.290	30.0	Subordinate	Dig Substrate	Reproductive		POINT
1447.402	C:/Users/Kimberly/Desktop/Video Stitching/A2D/A2D Stitched.mp4	2126.290	30.0	Subordinate	Dig Substrate	Reproductive		POINT
1450.407	C:/Users/Kimberly/Desktop/Video Stitching/A2D/A2D Stitched.mp4	2126.290	30.0	Subordinate	Dig Substrate	Reproductive		POINT
1453.410	C:/Users/Kimberly/Desktop/Video Stitching/A2D/A2D Stitched.mp4	2126.290	30.0	Dominant	Chase	Aggressive		POINT
1453.410	C:/Users/Kimberly/Desktop/Video Stitching/A2D/A2D Stitched.mp4	2126.290	30.0	Subordinate	Dig Substrate	Reproductive		POINT
1453.410	C:/Users/Kimberly/Desktop/Video Stitching/A2D/A2D Stitched.mp4	2126.290	30.0	Subordinate	Fleeing Male	Subordinate		POINT
1454.655	C:/Users/Kimberly/Desktop/Video Stitching/A2D/A2D Stitched.mp4	2126.290	30.0	Dominant	Entry/Exit Pot	Reproductive		POINT
1455.906	C:/Users/Kimberly/Desktop/Video Stitching/A2D/A2D Stitched.mp4	2126.290	30.0	Dominant	Chase	Aggressive		POINT
1455.906	C:/Users/Kimberly/Desktop/Video Stitching/A2D/A2D Stitched.mp4	2126.290	30.0	Dominant	Entry/Exit Pot	Reproductive		POINT
1458.651	C:/Users/Kimberly/Desktop/Video Stitching/A2D/A2D Stitched.mp4	2126.290	30.0	Dominant	Entry/Exit Pot	Reproductive		POINT
1467.906	C:/Users/Kimberly/Desktop/Video Stitching/A2D/A2D Stitched.mp4	2126.290	30.0	Dominant	Entry/Exit Pot	Reproductive		POINT
1471.659	C:/Users/Kimberly/Desktop/Video Stitching/A2D/A2D Stitched.mp4	2126.290	30.0	Dominant	Foraging	Other		POINT
1492.660	C:/Users/Kimberly/Desktop/Video Stitching/A2D/A2D Stitched.mp4	2126.290	30.0	Dominant	Foraging	Other		POINT
1499.406	C:/Users/Kimberly/Desktop/Video Stitching/A2D/A2D Stitched.mp4	2126.290	30.0	Dominant	Dig Substrate	Reproductive		POINT
1500.903	C:/Users/Kimberly/Desktop/Video Stitching/A2D/A2D Stitched.mp4	2126.290	30.0	Dominant	Dig Substrate	Reproductive		POINT
1502.151	C:/Users/Kimberly/Desktop/Video Stitching/A2D/A2D Stitched.mp4	2126.290	30.0	Dominant	Foraging	Other		POINT
1509.905	C:/Users/Kimberly/Desktop/Video Stitching/A2D/A2D Stitched.mp4	2126.290	30.0	Dominant	Chase	Aggressive		POINT
1518.155	C:/Users/Kimberly/Desktop/Video Stitching/A2D/A2D Stitched.mp4	2126.290	30.0	Dominant	Dig Substrate	Reproductive		POINT
1522.654	C:/Users/Kimberly/Desktop/Video Stitching/A2D/A2D Stitched.mp4	2126.290	30.0	Dominant	Chase	Aggressive		POINT
1524.155	C:/Users/Kimberly/Desktop/Video Stitching/A2D/A2D Stitched.mp4	2126.290	30.0	Dominant	Chase	Aggressive		POINT
1524.155	C:/Users/Kimberly/Desktop/Video Stitching/A2D/A2D Stitched.mp4	2126.290	30.0	Subordinate	Fleeing Male	Subordinate		POINT
1528.155	C:/Users/Kimberly/Desktop/Video Stitching/A2D/A2D Stitched.mp4	2126.290	30.0	Dominant	Chase	Aggressive		POINT
1528.155	C:/Users/Kimberly/Desktop/Video Stitching/A2D/A2D Stitched.mp4	2126.290	30.0	Subordinate	Fleeing Male	Subordinate		POINT
1541.401	C:/Users/Kimberly/Desktop/Video Stitching/A2D/A2D Stitched.mp4	2126.290	30.0	Dominant	Lateral Side Display	Aggressive		POINT
1562.155	C:/Users/Kimberly/Desktop/Video Stitching/A2D/A2D Stitched.mp4	2126.290	30.0	Dominant	Chase	Aggressive		POINT
1563.155	C:/Users/Kimberly/Desktop/Video Stitching/A2D/A2D Stitched.mp4	2126.290	30.0	Dominant	Chase	Aggressive		POINT
1575.655	C:/Users/Kimberly/Desktop/Video Stitching/A2D/A2D Stitched.mp4	2126.290	30.0	Subordinate	Foraging	Other		POINT
1576.155	C:/Users/Kimberly/Desktop/Video Stitching/A2D/A2D Stitched.mp4	2126.290	30.0	Subordinate	Foraging	Other		POINT
1577.405	C:/Users/Kimberly/Desktop/Video Stitching/A2D/A2D Stitched.mp4	2126.290	30.0	Dominant	Dig Substrate	Reproductive		POINT
1577.405	C:/Users/Kimberly/Desktop/Video Stitching/A2D/A2D Stitched.mp4	2126.290	30.0	Subordinate	Dig Substrate	Reproductive		POINT
1577.906	C:/Users/Kimberly/Desktop/Video Stitching/A2D/A2D Stitched.mp4	2126.290	30.0	Dominant	Dig Substrate	Reproductive		POINT
1579.654	C:/Users/Kimberly/Desktop/Video Stitching/A2D/A2D Stitched.mp4	2126.290	30.0	Subordinate	Dig Substrate	Reproductive		POINT
1581.402	C:/Users/Kimberly/Desktop/Video Stitching/A2D/A2D Stitched.mp4	2126.290	30.0	Subordinate	Dig Substrate	Reproductive		POINT
1583.151	C:/Users/Kimberly/Desktop/Video Stitching/A2D/A2D Stitched.mp4	2126.290	30.0	Subordinate	Dig Substrate	Reproductive		POINT
1583.902	C:/Users/Kimberly/Desktop/Video Stitching/A2D/A2D Stitched.mp4	2126.290	30.0	Dominant	Lead	Reproductive		POINT
1585.652	C:/Users/Kimberly/Desktop/Video Stitching/A2D/A2D Stitched.mp4	2126.290	30.0	Subordinate	Dig Substrate	Reproductive		POINT
1586.402	C:/Users/Kimberly/Desktop/Video Stitching/A2D/A2D Stitched.mp4	2126.290	30.0	Subordinate	Dig Substrate	Reproductive		POINT
1586.652	C:/Users/Kimberly/Desktop/Video Stitching/A2D/A2D Stitched.mp4	2126.290	30.0	Dominant	Chase	Aggressive		POINT
1586.652	C:/Users/Kimberly/Desktop/Video Stitching/A2D/A2D Stitched.mp4	2126.290	30.0	Subordinate	Fleeing Male	Subordinate		POINT
1589.403	C:/Users/Kimberly/Desktop/Video Stitching/A2D/A2D Stitched.mp4	2126.290	30.0	Dominant	Quiver	Reproductive		POINT
1591.152	C:/Users/Kimberly/Desktop/Video Stitching/A2D/A2D Stitched.mp4	2126.290	30.0	Dominant	Lead	Reproductive		POINT
1593.904	C:/Users/Kimberly/Desktop/Video Stitching/A2D/A2D Stitched.mp4	2126.290	30.0	Dominant	Lead	Reproductive		POINT
1597.153	C:/Users/Kimberly/Desktop/Video Stitching/A2D/A2D Stitched.mp4	2126.290	30.0	Dominant	Chase	Aggressive		POINT
1597.153	C:/Users/Kimberly/Desktop/Video Stitching/A2D/A2D Stitched.mp4	2126.290	30.0	Subordinate	Fleeing Male	Subordinate		POINT
1605.408	C:/Users/Kimberly/Desktop/Video Stitching/A2D/A2D Stitched.mp4	2126.290	30.0	Dominant	Quiver	Reproductive		POINT
1621.406	C:/Users/Kimberly/Desktop/Video Stitching/A2D/A2D Stitched.mp4	2126.290	30.0	Dominant	Dig Substrate	Reproductive		POINT
1629.403	C:/Users/Kimberly/Desktop/Video Stitching/A2D/A2D Stitched.mp4	2126.290	30.0	Dominant	Entry/Exit Pot	Reproductive		POINT
1630.906	C:/Users/Kimberly/Desktop/Video Stitching/A2D/A2D Stitched.mp4	2126.290	30.0	Dominant	Pot Dig	Reproductive		POINT
1632.406	C:/Users/Kimberly/Desktop/Video Stitching/A2D/A2D Stitched.mp4	2126.290	30.0	Dominant	Pot Dig	Reproductive		POINT
1634.904	C:/Users/Kimberly/Desktop/Video Stitching/A2D/A2D Stitched.mp4	2126.290	30.0	Dominant	Pot Dig	Reproductive		POINT
1637.403	C:/Users/Kimberly/Desktop/Video Stitching/A2D/A2D Stitched.mp4	2126.290	30.0	Dominant	Pot Dig	Reproductive		POINT
1641.152	C:/Users/Kimberly/Desktop/Video Stitching/A2D/A2D Stitched.mp4	2126.290	30.0	Dominant	Pot Dig	Reproductive		POINT
1648.153	C:/Users/Kimberly/Desktop/Video Stitching/A2D/A2D Stitched.mp4	2126.290	30.0	Subordinate	Foraging	Other		POINT
1649.906	C:/Users/Kimberly/Desktop/Video Stitching/A2D/A2D Stitched.mp4	2126.290	30.0	Subordinate	Foraging	Other		POINT
1653.656	C:/Users/Kimberly/Desktop/Video Stitching/A2D/A2D Stitched.mp4	2126.290	30.0	Subordinate	Foraging	Other		POINT
1654.656	C:/Users/Kimberly/Desktop/Video Stitching/A2D/A2D Stitched.mp4	2126.290	30.0	Subordinate	Foraging	Other		POINT
1655.659	C:/Users/Kimberly/Desktop/Video Stitching/A2D/A2D Stitched.mp4	2126.290	30.0	Dominant	Entry/Exit Pot	Reproductive		POINT
1659.406	C:/Users/Kimberly/Desktop/Video Stitching/A2D/A2D Stitched.mp4	2126.290	30.0	Dominant	Chase	Aggressive		POINT
1660.155	C:/Users/Kimberly/Desktop/Video Stitching/A2D/A2D Stitched.mp4	2126.290	30.0	Subordinate	Fleeing Male	Subordinate		POINT
1679.407	C:/Users/Kimberly/Desktop/Video Stitching/A2D/A2D Stitched.mp4	2126.290	30.0		Chase	Aggressive		POINT
1679.407	C:/Users/Kimberly/Desktop/Video Stitching/A2D/A2D Stitched.mp4	2126.290	30.0	Subordinate	Fleeing Male	Subordinate		POINT
1680.406	C:/Users/Kimberly/Desktop/Video Stitching/A2D/A2D Stitched.mp4	2126.290	30.0	Subordinate	Fleeing Male	Subordinate		POINT
1683.903	C:/Users/Kimberly/Desktop/Video Stitching/A2D/A2D Stitched.mp4	2126.290	30.0	Dominant	Quiver	Reproductive		POINT
1685.403	C:/Users/Kimberly/Desktop/Video Stitching/A2D/A2D Stitched.mp4	2126.290	30.0	Dominant	Lead	Reproductive		POINT
1686.401	C:/Users/Kimberly/Desktop/Video Stitching/A2D/A2D Stitched.mp4	2126.290	30.0	Subordinate	Dig Substrate	Reproductive		POINT
1687.401	C:/Users/Kimberly/Desktop/Video Stitching/A2D/A2D Stitched.mp4	2126.290	30.0	Subordinate	Dig Substrate	Reproductive		POINT
1688.154	C:/Users/Kimberly/Desktop/Video Stitching/A2D/A2D Stitched.mp4	2126.290	30.0	Dominant	Chase	Aggressive		POINT
1688.154	C:/Users/Kimberly/Desktop/Video Stitching/A2D/A2D Stitched.mp4	2126.290	30.0	Subordinate	Dig Substrate	Reproductive		POINT
1688.654	C:/Users/Kimberly/Desktop/Video Stitching/A2D/A2D Stitched.mp4	2126.290	30.0	Subordinate	Fleeing Male	Subordinate		POINT
1690.657	C:/Users/Kimberly/Desktop/Video Stitching/A2D/A2D Stitched.mp4	2126.290	30.0	Dominant	Chase	Aggressive		POINT
1691.160	C:/Users/Kimberly/Desktop/Video Stitching/A2D/A2D Stitched.mp4	2126.290	30.0	Subordinate	Fleeing Male	Subordinate		POINT
1693.155	C:/Users/Kimberly/Desktop/Video Stitching/A2D/A2D Stitched.mp4	2126.290	30.0	Dominant	Chase	Aggressive		POINT
1693.155	C:/Users/Kimberly/Desktop/Video Stitching/A2D/A2D Stitched.mp4	2126.290	30.0	Subordinate	Fleeing Male	Subordinate		POINT
1710.903	C:/Users/Kimberly/Desktop/Video Stitching/A2D/A2D Stitched.mp4	2126.290	30.0	Dominant	Lateral Side Display	Aggressive		POINT
1713.908	C:/Users/Kimberly/Desktop/Video Stitching/A2D/A2D Stitched.mp4	2126.290	30.0	Dominant	Chase	Aggressive		POINT
1713.908	C:/Users/Kimberly/Desktop/Video Stitching/A2D/A2D Stitched.mp4	2126.290	30.0	Subordinate	Fleeing Male	Subordinate		POINT
1721.405	C:/Users/Kimberly/Desktop/Video Stitching/A2D/A2D Stitched.mp4	2126.290	30.0	Dominant	Chase	Aggressive		POINT
1721.405	C:/Users/Kimberly/Desktop/Video Stitching/A2D/A2D Stitched.mp4	2126.290	30.0	Subordinate	Fleeing Male	Subordinate		POINT
1723.901	C:/Users/Kimberly/Desktop/Video Stitching/A2D/A2D Stitched.mp4	2126.290	30.0	Dominant	Foraging	Other		POINT
1737.908	C:/Users/Kimberly/Desktop/Video Stitching/A2D/A2D Stitched.mp4	2126.290	30.0	Dominant	Dig Substrate	Reproductive		POINT
1738.653	C:/Users/Kimberly/Desktop/Video Stitching/A2D/A2D Stitched.mp4	2126.290	30.0	Dominant	Dig Substrate	Reproductive		POINT
1739.906	C:/Users/Kimberly/Desktop/Video Stitching/A2D/A2D Stitched.mp4	2126.290	30.0	Dominant	Dig Substrate	Reproductive		POINT
1744.156	C:/Users/Kimberly/Desktop/Video Stitching/A2D/A2D Stitched.mp4	2126.290	30.0	Dominant	Dig Substrate	Reproductive		POINT
1761.653	C:/Users/Kimberly/Desktop/Video Stitching/A2D/A2D Stitched.mp4	2126.290	30.0	Subordinate	Foraging	Other		POINT
1763.403	C:/Users/Kimberly/Desktop/Video Stitching/A2D/A2D Stitched.mp4	2126.290	30.0	Subordinate	Quiver	Reproductive		POINT
1772.906	C:/Users/Kimberly/Desktop/Video Stitching/A2D/A2D Stitched.mp4	2126.290	30.0	Dominant	Lead	Reproductive		POINT
1783.656	C:/Users/Kimberly/Desktop/Video Stitching/A2D/A2D Stitched.mp4	2126.290	30.0	Dominant	Foraging	Other		POINT
1784.653	C:/Users/Kimberly/Desktop/Video Stitching/A2D/A2D Stitched.mp4	2126.290	30.0	Dominant	Foraging	Other		POINT
1812.653	C:/Users/Kimberly/Desktop/Video Stitching/A2D/A2D Stitched.mp4	2126.290	30.0	Dominant	Chase	Aggressive		POINT
1812.653	C:/Users/Kimberly/Desktop/Video Stitching/A2D/A2D Stitched.mp4	2126.290	30.0	Subordinate	Fleeing Male	Subordinate		POINT
1825.156	C:/Users/Kimberly/Desktop/Video Stitching/A2D/A2D Stitched.mp4	2126.290	30.0	Dominant	Chase	Aggressive		POINT
1828.405	C:/Users/Kimberly/Desktop/Video Stitching/A2D/A2D Stitched.mp4	2126.290	30.0	Dominant	Dig Substrate	Reproductive		POINT
1828.405	C:/Users/Kimberly/Desktop/Video Stitching/A2D/A2D Stitched.mp4	2126.290	30.0	Subordinate	Foraging	Other		POINT
1829.655	C:/Users/Kimberly/Desktop/Video Stitching/A2D/A2D Stitched.mp4	2126.290	30.0	Dominant	Dig Substrate	Reproductive		POINT
1829.655	C:/Users/Kimberly/Desktop/Video Stitching/A2D/A2D Stitched.mp4	2126.290	30.0	Subordinate	Foraging	Other		POINT
1830.154	C:/Users/Kimberly/Desktop/Video Stitching/A2D/A2D Stitched.mp4	2126.290	30.0	Subordinate	Foraging	Other		POINT
1831.407	C:/Users/Kimberly/Desktop/Video Stitching/A2D/A2D Stitched.mp4	2126.290	30.0	Subordinate	Foraging	Other		POINT
1833.406	C:/Users/Kimberly/Desktop/Video Stitching/A2D/A2D Stitched.mp4	2126.290	30.0	Subordinate	Foraging	Other		POINT
1835.653	C:/Users/Kimberly/Desktop/Video Stitching/A2D/A2D Stitched.mp4	2126.290	30.0	Dominant	Chase	Aggressive		POINT
1838.406	C:/Users/Kimberly/Desktop/Video Stitching/A2D/A2D Stitched.mp4	2126.290	30.0	Subordinate	Foraging	Other		POINT
1839.656	C:/Users/Kimberly/Desktop/Video Stitching/A2D/A2D Stitched.mp4	2126.290	30.0		Foraging	Other		POINT
1839.906	C:/Users/Kimberly/Desktop/Video Stitching/A2D/A2D Stitched.mp4	2126.290	30.0	Subordinate	Foraging	Other		POINT
1842.408	C:/Users/Kimberly/Desktop/Video Stitching/A2D/A2D Stitched.mp4	2126.290	30.0	Dominant	Dig Substrate	Reproductive		POINT
1844.153	C:/Users/Kimberly/Desktop/Video Stitching/A2D/A2D Stitched.mp4	2126.290	30.0	Subordinate	Foraging	Other		POINT
1845.156	C:/Users/Kimberly/Desktop/Video Stitching/A2D/A2D Stitched.mp4	2126.290	30.0	Dominant	Chase	Aggressive		POINT
1848.156	C:/Users/Kimberly/Desktop/Video Stitching/A2D/A2D Stitched.mp4	2126.290	30.0	Dominant	Lead	Reproductive		POINT
1848.156	C:/Users/Kimberly/Desktop/Video Stitching/A2D/A2D Stitched.mp4	2126.290	30.0	Subordinate	Foraging	Other		POINT
1849.655	C:/Users/Kimberly/Desktop/Video Stitching/A2D/A2D Stitched.mp4	2126.290	30.0	Subordinate	Foraging	Other		POINT
1851.155	C:/Users/Kimberly/Desktop/Video Stitching/A2D/A2D Stitched.mp4	2126.290	30.0	Subordinate	Foraging	Other		POINT
1851.413	C:/Users/Kimberly/Desktop/Video Stitching/A2D/A2D Stitched.mp4	2126.290	30.0	Subordinate	Foraging	Other		POINT
1851.905	C:/Users/Kimberly/Desktop/Video Stitching/A2D/A2D Stitched.mp4	2126.290	30.0	Dominant	Dig Substrate	Reproductive		POINT
1856.905	C:/Users/Kimberly/Desktop/Video Stitching/A2D/A2D Stitched.mp4	2126.290	30.0	Dominant	Chase	Aggressive		POINT
1858.905	C:/Users/Kimberly/Desktop/Video Stitching/A2D/A2D Stitched.mp4	2126.290	30.0	Dominant	Lead	Reproductive		POINT
1861.406	C:/Users/Kimberly/Desktop/Video Stitching/A2D/A2D Stitched.mp4	2126.290	30.0	Dominant	Foraging	Other		POINT
1862.402	C:/Users/Kimberly/Desktop/Video Stitching/A2D/A2D Stitched.mp4	2126.290	30.0	Dominant	Foraging	Other		POINT
1863.406	C:/Users/Kimberly/Desktop/Video Stitching/A2D/A2D Stitched.mp4	2126.290	30.0	Dominant	Foraging	Other		POINT
1864.402	C:/Users/Kimberly/Desktop/Video Stitching/A2D/A2D Stitched.mp4	2126.290	30.0	Dominant	Foraging	Other		POINT
1865.154	C:/Users/Kimberly/Desktop/Video Stitching/A2D/A2D Stitched.mp4	2126.290	30.0	Dominant	Foraging	Other		POINT
1865.406	C:/Users/Kimberly/Desktop/Video Stitching/A2D/A2D Stitched.mp4	2126.290	30.0	Subordinate	Foraging	Other		POINT
1866.406	C:/Users/Kimberly/Desktop/Video Stitching/A2D/A2D Stitched.mp4	2126.290	30.0	Subordinate	Foraging	Other		POINT
1867.157	C:/Users/Kimberly/Desktop/Video Stitching/A2D/A2D Stitched.mp4	2126.290	30.0	Subordinate	Foraging	Other		POINT
1867.906	C:/Users/Kimberly/Desktop/Video Stitching/A2D/A2D Stitched.mp4	2126.290	30.0	Subordinate	Foraging	Other		POINT
1868.405	C:/Users/Kimberly/Desktop/Video Stitching/A2D/A2D Stitched.mp4	2126.290	30.0	Dominant	Entry/Exit Pot	Reproductive		POINT
1872.403	C:/Users/Kimberly/Desktop/Video Stitching/A2D/A2D Stitched.mp4	2126.290	30.0	Dominant	Pot Dig	Reproductive		POINT
1874.905	C:/Users/Kimberly/Desktop/Video Stitching/A2D/A2D Stitched.mp4	2126.290	30.0	Dominant	Pot Dig	Reproductive		POINT
1875.905	C:/Users/Kimberly/Desktop/Video Stitching/A2D/A2D Stitched.mp4	2126.290	30.0	Subordinate	Foraging	Other		POINT
1877.155	C:/Users/Kimberly/Desktop/Video Stitching/A2D/A2D Stitched.mp4	2126.290	30.0	Subordinate	Foraging	Other		POINT
1882.152	C:/Users/Kimberly/Desktop/Video Stitching/A2D/A2D Stitched.mp4	2126.290	30.0	Dominant	Pot Dig	Reproductive		POINT
1886.154	C:/Users/Kimberly/Desktop/Video Stitching/A2D/A2D Stitched.mp4	2126.290	30.0	Dominant	Pot Dig	Reproductive		POINT
1887.660	C:/Users/Kimberly/Desktop/Video Stitching/A2D/A2D Stitched.mp4	2126.290	30.0	Subordinate	Foraging	Other		POINT
1889.912	C:/Users/Kimberly/Desktop/Video Stitching/A2D/A2D Stitched.mp4	2126.290	30.0	Subordinate	Foraging	Other		POINT
1890.908	C:/Users/Kimberly/Desktop/Video Stitching/A2D/A2D Stitched.mp4	2126.290	30.0	Dominant	Entry/Exit Pot	Reproductive		POINT
1890.908	C:/Users/Kimberly/Desktop/Video Stitching/A2D/A2D Stitched.mp4	2126.290	30.0	Dominant	Pot Dig	Reproductive		POINT
1890.908	C:/Users/Kimberly/Desktop/Video Stitching/A2D/A2D Stitched.mp4	2126.290	30.0	Subordinate	Foraging	Other		POINT
1892.408	C:/Users/Kimberly/Desktop/Video Stitching/A2D/A2D Stitched.mp4	2126.290	30.0	Dominant	Entry/Exit Pot	Reproductive		POINT
1897.154	C:/Users/Kimberly/Desktop/Video Stitching/A2D/A2D Stitched.mp4	2126.290	30.0	Dominant	Pot Dig	Reproductive		POINT
1898.910	C:/Users/Kimberly/Desktop/Video Stitching/A2D/A2D Stitched.mp4	2126.290	30.0	Dominant	Pot Dig	Reproductive		POINT
1899.906	C:/Users/Kimberly/Desktop/Video Stitching/A2D/A2D Stitched.mp4	2126.290	30.0	Subordinate	Foraging	Other		POINT
1900.905	C:/Users/Kimberly/Desktop/Video Stitching/A2D/A2D Stitched.mp4	2126.290	30.0		Foraging	Other		POINT
1901.907	C:/Users/Kimberly/Desktop/Video Stitching/A2D/A2D Stitched.mp4	2126.290	30.0		Foraging	Other		POINT
1902.652	C:/Users/Kimberly/Desktop/Video Stitching/A2D/A2D Stitched.mp4	2126.290	30.0	Dominant	Entry/Exit Pot	Reproductive		POINT
1905.405	C:/Users/Kimberly/Desktop/Video Stitching/A2D/A2D Stitched.mp4	2126.290	30.0	Subordinate	Foraging	Other		POINT
1907.156	C:/Users/Kimberly/Desktop/Video Stitching/A2D/A2D Stitched.mp4	2126.290	30.0	Dominant	Entry/Exit Pot	Reproductive		POINT
1907.156	C:/Users/Kimberly/Desktop/Video Stitching/A2D/A2D Stitched.mp4	2126.290	30.0	Subordinate	Foraging	Other		POINT
1908.156	C:/Users/Kimberly/Desktop/Video Stitching/A2D/A2D Stitched.mp4	2126.290	30.0	Dominant	Lead	Reproductive		POINT
1911.406	C:/Users/Kimberly/Desktop/Video Stitching/A2D/A2D Stitched.mp4	2126.290	30.0	Subordinate	Foraging	Other		POINT
1917.404	C:/Users/Kimberly/Desktop/Video Stitching/A2D/A2D Stitched.mp4	2126.290	30.0	Subordinate	Foraging	Other		POINT
1918.155	C:/Users/Kimberly/Desktop/Video Stitching/A2D/A2D Stitched.mp4	2126.290	30.0	Subordinate	Foraging	Other		POINT
1918.654	C:/Users/Kimberly/Desktop/Video Stitching/A2D/A2D Stitched.mp4	2126.290	30.0	Subordinate	Foraging	Other		POINT
1919.654	C:/Users/Kimberly/Desktop/Video Stitching/A2D/A2D Stitched.mp4	2126.290	30.0	Subordinate	Foraging	Other		POINT
1920.405	C:/Users/Kimberly/Desktop/Video Stitching/A2D/A2D Stitched.mp4	2126.290	30.0	Subordinate	Foraging	Other		POINT
1926.158	C:/Users/Kimberly/Desktop/Video Stitching/A2D/A2D Stitched.mp4	2126.290	30.0	Subordinate	Foraging	Other		POINT
1927.155	C:/Users/Kimberly/Desktop/Video Stitching/A2D/A2D Stitched.mp4	2126.290	30.0	Dominant	Chase	Aggressive		POINT
1927.155	C:/Users/Kimberly/Desktop/Video Stitching/A2D/A2D Stitched.mp4	2126.290	30.0	Subordinate	Fleeing Male	Subordinate		POINT
1927.155	C:/Users/Kimberly/Desktop/Video Stitching/A2D/A2D Stitched.mp4	2126.290	30.0	Subordinate	Foraging	Other		POINT
1931.406	C:/Users/Kimberly/Desktop/Video Stitching/A2D/A2D Stitched.mp4	2126.290	30.0	Dominant	Chase	Aggressive		POINT
1933.656	C:/Users/Kimberly/Desktop/Video Stitching/A2D/A2D Stitched.mp4	2126.290	30.0	Dominant	Chase	Aggressive		POINT
1951.654	C:/Users/Kimberly/Desktop/Video Stitching/A2D/A2D Stitched.mp4	2126.290	30.0	Dominant	Lead	Reproductive		POINT
1957.655	C:/Users/Kimberly/Desktop/Video Stitching/A2D/A2D Stitched.mp4	2126.290	30.0	Dominant	Chase	Aggressive		POINT
1968.909	C:/Users/Kimberly/Desktop/Video Stitching/A2D/A2D Stitched.mp4	2126.290	30.0	Dominant	Entry/Exit Pot	Reproductive		POINT
1969.908	C:/Users/Kimberly/Desktop/Video Stitching/A2D/A2D Stitched.mp4	2126.290	30.0	Dominant	Entry/Exit Pot	Reproductive		POINT
1970.652	C:/Users/Kimberly/Desktop/Video Stitching/A2D/A2D Stitched.mp4	2126.290	30.0	Dominant	Chase	Aggressive		POINT
1973.406	C:/Users/Kimberly/Desktop/Video Stitching/A2D/A2D Stitched.mp4	2126.290	30.0	Subordinate	Dig Substrate	Reproductive		POINT
1974.655	C:/Users/Kimberly/Desktop/Video Stitching/A2D/A2D Stitched.mp4	2126.290	30.0	Dominant	Entry/Exit Pot	Reproductive		POINT
1978.405	C:/Users/Kimberly/Desktop/Video Stitching/A2D/A2D Stitched.mp4	2126.290	30.0	Dominant	Pot Dig	Reproductive		POINT
1979.405	C:/Users/Kimberly/Desktop/Video Stitching/A2D/A2D Stitched.mp4	2126.290	30.0	Dominant	Pot Dig	Reproductive		POINT
1981.654	C:/Users/Kimberly/Desktop/Video Stitching/A2D/A2D Stitched.mp4	2126.290	30.0	Subordinate	Dig Substrate	Reproductive		POINT
1986.405	C:/Users/Kimberly/Desktop/Video Stitching/A2D/A2D Stitched.mp4	2126.290	30.0	Subordinate	Dig Substrate	Reproductive		POINT
1987.155	C:/Users/Kimberly/Desktop/Video Stitching/A2D/A2D Stitched.mp4	2126.290	30.0	Subordinate	Entry/Exit Pot	Reproductive		POINT
1988.407	C:/Users/Kimberly/Desktop/Video Stitching/A2D/A2D Stitched.mp4	2126.290	30.0	Dominant	Chase	Aggressive		POINT
1988.407	C:/Users/Kimberly/Desktop/Video Stitching/A2D/A2D Stitched.mp4	2126.290	30.0	Subordinate	Fleeing Male	Subordinate		POINT
1999.402	C:/Users/Kimberly/Desktop/Video Stitching/A2D/A2D Stitched.mp4	2126.290	30.0	Dominant	Chase	Aggressive		POINT
2008.655	C:/Users/Kimberly/Desktop/Video Stitching/A2D/A2D Stitched.mp4	2126.290	30.0	Subordinate	Foraging	Other		POINT
2009.657	C:/Users/Kimberly/Desktop/Video Stitching/A2D/A2D Stitched.mp4	2126.290	30.0	Dominant	Chase	Aggressive		POINT
2009.657	C:/Users/Kimberly/Desktop/Video Stitching/A2D/A2D Stitched.mp4	2126.290	30.0	Subordinate	Fleeing Male	Subordinate		POINT
2015.407	C:/Users/Kimberly/Desktop/Video Stitching/A2D/A2D Stitched.mp4	2126.290	30.0	Subordinate	Foraging	Other		POINT
2016.404	C:/Users/Kimberly/Desktop/Video Stitching/A2D/A2D Stitched.mp4	2126.290	30.0	Dominant	Entry/Exit Pot	Reproductive		POINT
2017.402	C:/Users/Kimberly/Desktop/Video Stitching/A2D/A2D Stitched.mp4	2126.290	30.0	Dominant	Quiver	Reproductive		POINT
2018.408	C:/Users/Kimberly/Desktop/Video Stitching/A2D/A2D Stitched.mp4	2126.290	30.0	Subordinate	Foraging	Other		POINT
2019.154	C:/Users/Kimberly/Desktop/Video Stitching/A2D/A2D Stitched.mp4	2126.290	30.0	Dominant	Entry/Exit Pot	Reproductive		POINT
2020.905	C:/Users/Kimberly/Desktop/Video Stitching/A2D/A2D Stitched.mp4	2126.290	30.0	Dominant	Chase	Aggressive		POINT
2021.153	C:/Users/Kimberly/Desktop/Video Stitching/A2D/A2D Stitched.mp4	2126.290	30.0	Subordinate	Fleeing Male	Subordinate		POINT
2025.906	C:/Users/Kimberly/Desktop/Video Stitching/A2D/A2D Stitched.mp4	2126.290	30.0		Foraging	Other		POINT
2028.905	C:/Users/Kimberly/Desktop/Video Stitching/A2D/A2D Stitched.mp4	2126.290	30.0	Dominant	Lead	Reproductive		POINT
2030.658	C:/Users/Kimberly/Desktop/Video Stitching/A2D/A2D Stitched.mp4	2126.290	30.0	Subordinate	Dig Substrate	Reproductive		POINT
2031.405	C:/Users/Kimberly/Desktop/Video Stitching/A2D/A2D Stitched.mp4	2126.290	30.0	Subordinate	Dig Substrate	Reproductive		POINT
2034.154	C:/Users/Kimberly/Desktop/Video Stitching/A2D/A2D Stitched.mp4	2126.290	30.0	Subordinate	Dig Substrate	Reproductive		POINT
2036.156	C:/Users/Kimberly/Desktop/Video Stitching/A2D/A2D Stitched.mp4	2126.290	30.0	Subordinate	Dig Substrate	Reproductive		POINT
2039.404	C:/Users/Kimberly/Desktop/Video Stitching/A2D/A2D Stitched.mp4	2126.290	30.0	Subordinate	Dig Substrate	Reproductive		POINT
2040.160	C:/Users/Kimberly/Desktop/Video Stitching/A2D/A2D Stitched.mp4	2126.290	30.0	Dominant	Foraging	Other		POINT
2042.407	C:/Users/Kimberly/Desktop/Video Stitching/A2D/A2D Stitched.mp4	2126.290	30.0	Dominant	Chase	Aggressive		POINT
2042.407	C:/Users/Kimberly/Desktop/Video Stitching/A2D/A2D Stitched.mp4	2126.290	30.0	Subordinate	Fleeing Male	Subordinate		POINT
2060.905	C:/Users/Kimberly/Desktop/Video Stitching/A2D/A2D Stitched.mp4	2126.290	30.0	Dominant	Fleeing Female	Subordinate		POINT
2061.912	C:/Users/Kimberly/Desktop/Video Stitching/A2D/A2D Stitched.mp4	2126.290	30.0	Dominant	Chase	Aggressive		POINT
2070.152	C:/Users/Kimberly/Desktop/Video Stitching/A2D/A2D Stitched.mp4	2126.290	30.0	Dominant	Chase	Aggressive		POINT
2078.406	C:/Users/Kimberly/Desktop/Video Stitching/A2D/A2D Stitched.mp4	2126.290	30.0	Subordinate	Foraging	Other		POINT
2079.402	C:/Users/Kimberly/Desktop/Video Stitching/A2D/A2D Stitched.mp4	2126.290	30.0	Subordinate	Foraging	Other		POINT
2080.152	C:/Users/Kimberly/Desktop/Video Stitching/A2D/A2D Stitched.mp4	2126.290	30.0	Subordinate	Foraging	Other		POINT
2080.657	C:/Users/Kimberly/Desktop/Video Stitching/A2D/A2D Stitched.mp4	2126.290	30.0	Dominant	Dig Substrate	Reproductive		POINT
2080.657	C:/Users/Kimberly/Desktop/Video Stitching/A2D/A2D Stitched.mp4	2126.290	30.0	Subordinate	Foraging	Other		POINT
2084.402	C:/Users/Kimberly/Desktop/Video Stitching/A2D/A2D Stitched.mp4	2126.290	30.0	Subordinate	Foraging	Other		POINT
2085.151	C:/Users/Kimberly/Desktop/Video Stitching/A2D/A2D Stitched.mp4	2126.290	30.0	Subordinate	Foraging	Other		POINT
2085.653	C:/Users/Kimberly/Desktop/Video Stitching/A2D/A2D Stitched.mp4	2126.290	30.0	Subordinate	Foraging	Other		POINT
2090.405	C:/Users/Kimberly/Desktop/Video Stitching/A2D/A2D Stitched.mp4	2126.290	30.0	Subordinate	Foraging	Other		POINT
2091.403	C:/Users/Kimberly/Desktop/Video Stitching/A2D/A2D Stitched.mp4	2126.290	30.0	Subordinate	Foraging	Other		POINT
2092.155	C:/Users/Kimberly/Desktop/Video Stitching/A2D/A2D Stitched.mp4	2126.290	30.0	Subordinate	Foraging	Other		POINT
2094.155	C:/Users/Kimberly/Desktop/Video Stitching/A2D/A2D Stitched.mp4	2126.290	30.0	Subordinate	Foraging	Other		POINT
2098.405	C:/Users/Kimberly/Desktop/Video Stitching/A2D/A2D Stitched.mp4	2126.290	30.0	Dominant	Chase	Aggressive		POINT
