Observation id	#3 Score Video							
								
Media file(s)								
								
Player #1	C:/Users/Kimberly/Desktop/Avi Score/3.avi							
								
Observation date	2021-04-16 19:13:03							
								
Description								
								
Time offset (s)	0.0							
								
independent variables								
variable	value							
								
Time	Media file path	Total length	FPS	Subject	Behavior	Behavioral category	Comment	Status
301.122	C:/Users/Kimberly/Desktop/Avi Score/3.avi	2227.240	29.97		Chase	Aggressive		POINT
308.683	C:/Users/Kimberly/Desktop/Avi Score/3.avi	2227.240	29.97		Dig Substrate	Reproductive		POINT
310.573	C:/Users/Kimberly/Desktop/Avi Score/3.avi	2227.240	29.97		Chase	Aggressive		POINT
313.455	C:/Users/Kimberly/Desktop/Avi Score/3.avi	2227.240	29.97		Chase	Aggressive		POINT
320.294	C:/Users/Kimberly/Desktop/Avi Score/3.avi	2227.240	29.97		Chase	Aggressive		POINT
324.618	C:/Users/Kimberly/Desktop/Avi Score/3.avi	2227.240	29.97		Chase	Aggressive		POINT
327.852	C:/Users/Kimberly/Desktop/Avi Score/3.avi	2227.240	29.97		Dig Substrate	Reproductive		POINT
341.084	C:/Users/Kimberly/Desktop/Avi Score/3.avi	2227.240	29.97		Lead	Reproductive		POINT
362.955	C:/Users/Kimberly/Desktop/Avi Score/3.avi	2227.240	29.97		Dig Substrate	Reproductive		POINT
367.001	C:/Users/Kimberly/Desktop/Avi Score/3.avi	2227.240	29.97		Dig Substrate	Reproductive		POINT
376.092	C:/Users/Kimberly/Desktop/Avi Score/3.avi	2227.240	29.97		Chase	Aggressive		POINT
379.875	C:/Users/Kimberly/Desktop/Avi Score/3.avi	2227.240	29.97		Chase	Aggressive		POINT
386.622	C:/Users/Kimberly/Desktop/Avi Score/3.avi	2227.240	29.97		Lead	Reproductive		POINT
393.640	C:/Users/Kimberly/Desktop/Avi Score/3.avi	2227.240	29.97		Lead	Reproductive		POINT
398.773	C:/Users/Kimberly/Desktop/Avi Score/3.avi	2227.240	29.97		Lead	Reproductive		POINT
401.471	C:/Users/Kimberly/Desktop/Avi Score/3.avi	2227.240	29.97		Lead	Reproductive		POINT
406.875	C:/Users/Kimberly/Desktop/Avi Score/3.avi	2227.240	29.97		Lead	Reproductive		POINT
414.975	C:/Users/Kimberly/Desktop/Avi Score/3.avi	2227.240	29.97		Entry /Exit Pot	Reproductive		POINT
417.045	C:/Users/Kimberly/Desktop/Avi Score/3.avi	2227.240	29.97		Dig Pot	Reproductive		POINT
417.763	C:/Users/Kimberly/Desktop/Avi Score/3.avi	2227.240	29.97		Entry /Exit Pot	Reproductive		POINT
421.003	C:/Users/Kimberly/Desktop/Avi Score/3.avi	2227.240	29.97		Chase	Aggressive		POINT
429.914	C:/Users/Kimberly/Desktop/Avi Score/3.avi	2227.240	29.97		Foraging	Other		POINT
436.212	C:/Users/Kimberly/Desktop/Avi Score/3.avi	2227.240	29.97		Chase	Aggressive		POINT
439.185	C:/Users/Kimberly/Desktop/Avi Score/3.avi	2227.240	29.97		Dig Substrate	Reproductive		POINT
443.861	C:/Users/Kimberly/Desktop/Avi Score/3.avi	2227.240	29.97		Chase	Aggressive		POINT
457.185	C:/Users/Kimberly/Desktop/Avi Score/3.avi	2227.240	29.97		Chase	Aggressive		POINT
460.423	C:/Users/Kimberly/Desktop/Avi Score/3.avi	2227.240	29.97		Chase	Aggressive		POINT
469.876	C:/Users/Kimberly/Desktop/Avi Score/3.avi	2227.240	29.97		Chase	Aggressive		POINT
477.164	C:/Users/Kimberly/Desktop/Avi Score/3.avi	2227.240	29.97		Chase	Aggressive		POINT
484.183	C:/Users/Kimberly/Desktop/Avi Score/3.avi	2227.240	29.97		Chase	Aggressive		POINT
496.601	C:/Users/Kimberly/Desktop/Avi Score/3.avi	2227.240	29.97		Chase	Aggressive		POINT
507.403	C:/Users/Kimberly/Desktop/Avi Score/3.avi	2227.240	29.97		Chase	Aggressive		POINT
513.346	C:/Users/Kimberly/Desktop/Avi Score/3.avi	2227.240	29.97		Dig Substrate	Reproductive		POINT
517.393	C:/Users/Kimberly/Desktop/Avi Score/3.avi	2227.240	29.97		Lead	Reproductive		POINT
526.305	C:/Users/Kimberly/Desktop/Avi Score/3.avi	2227.240	29.97		Chase	Aggressive		POINT
534.405	C:/Users/Kimberly/Desktop/Avi Score/3.avi	2227.240	29.97		Foraging	Other		POINT
539.356	C:/Users/Kimberly/Desktop/Avi Score/3.avi	2227.240	29.97		Chase	Aggressive		POINT
544.392	C:/Users/Kimberly/Desktop/Avi Score/3.avi	2227.240	29.97		Chase	Aggressive		POINT
551.322	C:/Users/Kimberly/Desktop/Avi Score/3.avi	2227.240	29.97		Lead	Reproductive		POINT
553.661	C:/Users/Kimberly/Desktop/Avi Score/3.avi	2227.240	29.97		Lead	Reproductive		POINT
556.905	C:/Users/Kimberly/Desktop/Avi Score/3.avi	2227.240	29.97		Lead	Reproductive		POINT
560.413	C:/Users/Kimberly/Desktop/Avi Score/3.avi	2227.240	29.97		Chase	Aggressive		POINT
564.192	C:/Users/Kimberly/Desktop/Avi Score/3.avi	2227.240	29.97		Lead	Reproductive		POINT
569.865	C:/Users/Kimberly/Desktop/Avi Score/3.avi	2227.240	29.97		Lead	Reproductive		POINT
574.184	C:/Users/Kimberly/Desktop/Avi Score/3.avi	2227.240	29.97		Foraging	Other		POINT
578.145	C:/Users/Kimberly/Desktop/Avi Score/3.avi	2227.240	29.97		Chase	Aggressive		POINT
581.384	C:/Users/Kimberly/Desktop/Avi Score/3.avi	2227.240	29.97		Foraging	Other		POINT
583.902	C:/Users/Kimberly/Desktop/Avi Score/3.avi	2227.240	29.97		Chase	Aggressive		POINT
586.064	C:/Users/Kimberly/Desktop/Avi Score/3.avi	2227.240	29.97		Chase	Aggressive		POINT
596.504	C:/Users/Kimberly/Desktop/Avi Score/3.avi	2227.240	29.97		Lead	Reproductive		POINT
599.112	C:/Users/Kimberly/Desktop/Avi Score/3.avi	2227.240	29.97		Dig Substrate	Reproductive		POINT
604.244	C:/Users/Kimberly/Desktop/Avi Score/3.avi	2227.240	29.97		Chase	Aggressive		POINT
606.493	C:/Users/Kimberly/Desktop/Avi Score/3.avi	2227.240	29.97		Lead	Reproductive		POINT
614.321	C:/Users/Kimberly/Desktop/Avi Score/3.avi	2227.240	29.97		Lead	Reproductive		POINT
626.472	C:/Users/Kimberly/Desktop/Avi Score/3.avi	2227.240	29.97		Lead	Reproductive		POINT
629.715	C:/Users/Kimberly/Desktop/Avi Score/3.avi	2227.240	29.97		Lead	Reproductive		POINT
633.224	C:/Users/Kimberly/Desktop/Avi Score/3.avi	2227.240	29.97		Dig Substrate	Reproductive		POINT
634.752	C:/Users/Kimberly/Desktop/Avi Score/3.avi	2227.240	29.97		Dig Substrate	Reproductive		POINT
637.186	C:/Users/Kimberly/Desktop/Avi Score/3.avi	2227.240	29.97		Foraging	Other		POINT
638.803	C:/Users/Kimberly/Desktop/Avi Score/3.avi	2227.240	29.97		Lead	Reproductive		POINT
640.424	C:/Users/Kimberly/Desktop/Avi Score/3.avi	2227.240	29.97		Lead	Reproductive		POINT
651.763	C:/Users/Kimberly/Desktop/Avi Score/3.avi	2227.240	29.97		Chase	Aggressive		POINT
653.383	C:/Users/Kimberly/Desktop/Avi Score/3.avi	2227.240	29.97		Chase	Aggressive		POINT
664.993	C:/Users/Kimberly/Desktop/Avi Score/3.avi	2227.240	29.97		Dig Substrate	Reproductive		POINT
667.151	C:/Users/Kimberly/Desktop/Avi Score/3.avi	2227.240	29.97		Dig Substrate	Reproductive		POINT
670.391	C:/Users/Kimberly/Desktop/Avi Score/3.avi	2227.240	29.97		Foraging	Other		POINT
671.476	C:/Users/Kimberly/Desktop/Avi Score/3.avi	2227.240	29.97		Foraging	Other		POINT
673.906	C:/Users/Kimberly/Desktop/Avi Score/3.avi	2227.240	29.97		Foraging	Other		POINT
675.251	C:/Users/Kimberly/Desktop/Avi Score/3.avi	2227.240	29.97		Foraging	Other		POINT
679.303	C:/Users/Kimberly/Desktop/Avi Score/3.avi	2227.240	29.97		Lead	Reproductive		POINT
690.646	C:/Users/Kimberly/Desktop/Avi Score/3.avi	2227.240	29.97		Dig Substrate	Reproductive		POINT
692.444	C:/Users/Kimberly/Desktop/Avi Score/3.avi	2227.240	29.97		Dig Substrate	Reproductive		POINT
695.145	C:/Users/Kimberly/Desktop/Avi Score/3.avi	2227.240	29.97		Dig Substrate	Reproductive		POINT
697.303	C:/Users/Kimberly/Desktop/Avi Score/3.avi	2227.240	29.97		Dig Substrate	Reproductive		POINT
698.655	C:/Users/Kimberly/Desktop/Avi Score/3.avi	2227.240	29.97		Dig Substrate	Reproductive		POINT
703.782	C:/Users/Kimberly/Desktop/Avi Score/3.avi	2227.240	29.97		Lead	Reproductive		POINT
707.022	C:/Users/Kimberly/Desktop/Avi Score/3.avi	2227.240	29.97		Dig Substrate	Reproductive		POINT
714.316	C:/Users/Kimberly/Desktop/Avi Score/3.avi	2227.240	29.97		Entry /Exit Pot	Reproductive		POINT
716.651	C:/Users/Kimberly/Desktop/Avi Score/3.avi	2227.240	29.97		Dig Pot	Reproductive		POINT
726.191	C:/Users/Kimberly/Desktop/Avi Score/3.avi	2227.240	29.97		Entry /Exit Pot	Reproductive		POINT
729.164	C:/Users/Kimberly/Desktop/Avi Score/3.avi	2227.240	29.97		Chase	Aggressive		POINT
736.187	C:/Users/Kimberly/Desktop/Avi Score/3.avi	2227.240	29.97		Foraging	Other		POINT
737.534	C:/Users/Kimberly/Desktop/Avi Score/3.avi	2227.240	29.97		Foraging	Other		POINT
745.905	C:/Users/Kimberly/Desktop/Avi Score/3.avi	2227.240	29.97		Foraging	Other		POINT
746.712	C:/Users/Kimberly/Desktop/Avi Score/3.avi	2227.240	29.97		Foraging	Other		POINT
751.302	C:/Users/Kimberly/Desktop/Avi Score/3.avi	2227.240	29.97		Lead	Reproductive		POINT
754.812	C:/Users/Kimberly/Desktop/Avi Score/3.avi	2227.240	29.97		Dig Substrate	Reproductive		POINT
757.783	C:/Users/Kimberly/Desktop/Avi Score/3.avi	2227.240	29.97		Dig Substrate	Reproductive		POINT
759.677	C:/Users/Kimberly/Desktop/Avi Score/3.avi	2227.240	29.97		Dig Substrate	Reproductive		POINT
768.584	C:/Users/Kimberly/Desktop/Avi Score/3.avi	2227.240	29.97		Foraging	Other		POINT
774.258	C:/Users/Kimberly/Desktop/Avi Score/3.avi	2227.240	29.97		Lead	Reproductive		POINT
775.334	C:/Users/Kimberly/Desktop/Avi Score/3.avi	2227.240	29.97		Foraging	Other		POINT
779.655	C:/Users/Kimberly/Desktop/Avi Score/3.avi	2227.240	29.97		Lead	Reproductive		POINT
789.914	C:/Users/Kimberly/Desktop/Avi Score/3.avi	2227.240	29.97		Foraging	Other		POINT
795.041	C:/Users/Kimberly/Desktop/Avi Score/3.avi	2227.240	29.97		Dig Substrate	Reproductive		POINT
799.907	C:/Users/Kimberly/Desktop/Avi Score/3.avi	2227.240	29.97		Foraging	Other		POINT
802.602	C:/Users/Kimberly/Desktop/Avi Score/3.avi	2227.240	29.97		Entry /Exit Pot	Reproductive		POINT
809.985	C:/Users/Kimberly/Desktop/Avi Score/3.avi	2227.240	29.97		Chase	Aggressive		POINT
814.845	C:/Users/Kimberly/Desktop/Avi Score/3.avi	2227.240	29.97		Lead	Reproductive		POINT
836.176	C:/Users/Kimberly/Desktop/Avi Score/3.avi	2227.240	29.97		Foraging	Other		POINT
839.413	C:/Users/Kimberly/Desktop/Avi Score/3.avi	2227.240	29.97		Foraging	Other		POINT
848.051	C:/Users/Kimberly/Desktop/Avi Score/3.avi	2227.240	29.97		Lead	Reproductive		POINT
856.514	C:/Users/Kimberly/Desktop/Avi Score/3.avi	2227.240	29.97		Entry /Exit Pot	Reproductive		POINT
860.834	C:/Users/Kimberly/Desktop/Avi Score/3.avi	2227.240	29.97		Dig Pot	Reproductive		POINT
862.002	C:/Users/Kimberly/Desktop/Avi Score/3.avi	2227.240	29.97		Entry /Exit Pot	Reproductive		POINT
869.294	C:/Users/Kimberly/Desktop/Avi Score/3.avi	2227.240	29.97		Chase	Aggressive		POINT
871.726	C:/Users/Kimberly/Desktop/Avi Score/3.avi	2227.240	29.97		Foraging	Other		POINT
874.422	C:/Users/Kimberly/Desktop/Avi Score/3.avi	2227.240	29.97		Chase	Aggressive		POINT
875.771	C:/Users/Kimberly/Desktop/Avi Score/3.avi	2227.240	29.97		Dig Substrate	Reproductive		POINT
877.661	C:/Users/Kimberly/Desktop/Avi Score/3.avi	2227.240	29.97		Dig Substrate	Reproductive		POINT
878.203	C:/Users/Kimberly/Desktop/Avi Score/3.avi	2227.240	29.97		Dig Substrate	Reproductive		POINT
889.814	C:/Users/Kimberly/Desktop/Avi Score/3.avi	2227.240	29.97		Chase	Aggressive		POINT
893.053	C:/Users/Kimberly/Desktop/Avi Score/3.avi	2227.240	29.97		Foraging	Other		POINT
893.863	C:/Users/Kimberly/Desktop/Avi Score/3.avi	2227.240	29.97		Foraging	Other		POINT
900.885	C:/Users/Kimberly/Desktop/Avi Score/3.avi	2227.240	29.97		Dig Substrate	Reproductive		POINT
903.315	C:/Users/Kimberly/Desktop/Avi Score/3.avi	2227.240	29.97		Chase	Aggressive		POINT
905.203	C:/Users/Kimberly/Desktop/Avi Score/3.avi	2227.240	29.97		Chase	Aggressive		POINT
911.952	C:/Users/Kimberly/Desktop/Avi Score/3.avi	2227.240	29.97		Dig Substrate	Reproductive		POINT
914.921	C:/Users/Kimberly/Desktop/Avi Score/3.avi	2227.240	29.97		Dig Substrate	Reproductive		POINT
918.162	C:/Users/Kimberly/Desktop/Avi Score/3.avi	2227.240	29.97		Chase	Aggressive		POINT
922.756	C:/Users/Kimberly/Desktop/Avi Score/3.avi	2227.240	29.97		Dig Substrate	Reproductive		POINT
927.072	C:/Users/Kimberly/Desktop/Avi Score/3.avi	2227.240	29.97		Dig Substrate	Reproductive		POINT
930.044	C:/Users/Kimberly/Desktop/Avi Score/3.avi	2227.240	29.97		Chase	Aggressive		POINT
930.583	C:/Users/Kimberly/Desktop/Avi Score/3.avi	2227.240	29.97		Chase	Aggressive		POINT
937.606	C:/Users/Kimberly/Desktop/Avi Score/3.avi	2227.240	29.97		Foraging	Other		POINT
938.413	C:/Users/Kimberly/Desktop/Avi Score/3.avi	2227.240	29.97		Foraging	Other		POINT
940.031	C:/Users/Kimberly/Desktop/Avi Score/3.avi	2227.240	29.97		Dig Substrate	Reproductive		POINT
946.514	C:/Users/Kimberly/Desktop/Avi Score/3.avi	2227.240	29.97		Chase	Aggressive		POINT
950.295	C:/Users/Kimberly/Desktop/Avi Score/3.avi	2227.240	29.97		Foraging	Other		POINT
952.994	C:/Users/Kimberly/Desktop/Avi Score/3.avi	2227.240	29.97		Foraging	Other		POINT
955.962	C:/Users/Kimberly/Desktop/Avi Score/3.avi	2227.240	29.97		Foraging	Other		POINT
966.224	C:/Users/Kimberly/Desktop/Avi Score/3.avi	2227.240	29.97		Foraging	Other		POINT
970.274	C:/Users/Kimberly/Desktop/Avi Score/3.avi	2227.240	29.97		Quiver	Reproductive		POINT
971.264	C:/Users/Kimberly/Desktop/Avi Score/3.avi	2227.240	29.97		Chase	Aggressive		POINT
976.391	C:/Users/Kimberly/Desktop/Avi Score/3.avi	2227.240	29.97		Foraging	Other		POINT
987.464	C:/Users/Kimberly/Desktop/Avi Score/3.avi	2227.240	29.97		Foraging	Other		POINT
989.355	C:/Users/Kimberly/Desktop/Avi Score/3.avi	2227.240	29.97		Dig Substrate	Reproductive		POINT
995.292	C:/Users/Kimberly/Desktop/Avi Score/3.avi	2227.240	29.97		Lead	Reproductive		POINT
996.641	C:/Users/Kimberly/Desktop/Avi Score/3.avi	2227.240	29.97		Lead	Reproductive		POINT
997.723	C:/Users/Kimberly/Desktop/Avi Score/3.avi	2227.240	29.97		Quiver	Reproductive		POINT
1009.151	C:/Users/Kimberly/Desktop/Avi Score/3.avi	2227.240	29.97		Lead	Reproductive		POINT
1012.303	C:/Users/Kimberly/Desktop/Avi Score/3.avi	2227.240	29.97		Lead	Reproductive		POINT
1013.385	C:/Users/Kimberly/Desktop/Avi Score/3.avi	2227.240	29.97		Lead	Reproductive		POINT
1017.436	C:/Users/Kimberly/Desktop/Avi Score/3.avi	2227.240	29.97		Lead	Reproductive		POINT
1019.594	C:/Users/Kimberly/Desktop/Avi Score/3.avi	2227.240	29.97		Lead	Reproductive		POINT
1026.612	C:/Users/Kimberly/Desktop/Avi Score/3.avi	2227.240	29.97		Chase	Aggressive		POINT
1031.742	C:/Users/Kimberly/Desktop/Avi Score/3.avi	2227.240	29.97		Dig Substrate	Reproductive		POINT
1032.552	C:/Users/Kimberly/Desktop/Avi Score/3.avi	2227.240	29.97		Dig Substrate	Reproductive		POINT
1034.442	C:/Users/Kimberly/Desktop/Avi Score/3.avi	2227.240	29.97		Dig Substrate	Reproductive		POINT
1050.372	C:/Users/Kimberly/Desktop/Avi Score/3.avi	2227.240	29.97		Entry /Exit Pot	Reproductive		POINT
1054.245	C:/Users/Kimberly/Desktop/Avi Score/3.avi	2227.240	29.97		Entry /Exit Pot	Reproductive		POINT
1054.333	C:/Users/Kimberly/Desktop/Avi Score/3.avi	2227.240	29.97		Dig Pot	Reproductive		POINT
1058.023	C:/Users/Kimberly/Desktop/Avi Score/3.avi	2227.240	29.97		Lead	Reproductive		POINT
1058.562	C:/Users/Kimberly/Desktop/Avi Score/3.avi	2227.240	29.97		Lead	Reproductive		POINT
1062.615	C:/Users/Kimberly/Desktop/Avi Score/3.avi	2227.240	29.97		Chase	Aggressive		POINT
1064.232	C:/Users/Kimberly/Desktop/Avi Score/3.avi	2227.240	29.97		Chase	Aggressive		POINT
1069.635	C:/Users/Kimberly/Desktop/Avi Score/3.avi	2227.240	29.97		Chase	Aggressive		POINT
1082.865	C:/Users/Kimberly/Desktop/Avi Score/3.avi	2227.240	29.97		Dig Substrate	Reproductive		POINT
1084.213	C:/Users/Kimberly/Desktop/Avi Score/3.avi	2227.240	29.97		Foraging	Other		POINT
1086.645	C:/Users/Kimberly/Desktop/Avi Score/3.avi	2227.240	29.97		Foraging	Other		POINT
1094.744	C:/Users/Kimberly/Desktop/Avi Score/3.avi	2227.240	29.97		Lead	Reproductive		POINT
1099.875	C:/Users/Kimberly/Desktop/Avi Score/3.avi	2227.240	29.97		Lead	Reproductive		POINT
1107.438	C:/Users/Kimberly/Desktop/Avi Score/3.avi	2227.240	29.97		Lead	Reproductive		POINT
1131.463	C:/Users/Kimberly/Desktop/Avi Score/3.avi	2227.240	29.97		Dig Substrate	Reproductive		POINT
1132.812	C:/Users/Kimberly/Desktop/Avi Score/3.avi	2227.240	29.97		Dig Substrate	Reproductive		POINT
1135.515	C:/Users/Kimberly/Desktop/Avi Score/3.avi	2227.240	29.97		Dig Substrate	Reproductive		POINT
1142.536	C:/Users/Kimberly/Desktop/Avi Score/3.avi	2227.240	29.97		Chase	Aggressive		POINT
1153.332	C:/Users/Kimberly/Desktop/Avi Score/3.avi	2227.240	29.97		Chase	Aggressive		POINT
1164.944	C:/Users/Kimberly/Desktop/Avi Score/3.avi	2227.240	29.97		Foraging	Other		POINT
1167.647	C:/Users/Kimberly/Desktop/Avi Score/3.avi	2227.240	29.97		Dig Substrate	Reproductive		POINT
1169.534	C:/Users/Kimberly/Desktop/Avi Score/3.avi	2227.240	29.97		Dig Substrate	Reproductive		POINT
1173.312	C:/Users/Kimberly/Desktop/Avi Score/3.avi	2227.240	29.97		Chase	Aggressive		POINT
1178.444	C:/Users/Kimberly/Desktop/Avi Score/3.avi	2227.240	29.97		Chase	Aggressive		POINT
1185.464	C:/Users/Kimberly/Desktop/Avi Score/3.avi	2227.240	29.97		Chase	Aggressive		POINT
1191.137	C:/Users/Kimberly/Desktop/Avi Score/3.avi	2227.240	29.97		Lead	Reproductive		POINT
1194.913	C:/Users/Kimberly/Desktop/Avi Score/3.avi	2227.240	29.97		Lead	Reproductive		POINT
1210.304	C:/Users/Kimberly/Desktop/Avi Score/3.avi	2227.240	29.97		Entry /Exit Pot	Reproductive		POINT
1213.273	C:/Users/Kimberly/Desktop/Avi Score/3.avi	2227.240	29.97		Dig Pot	Reproductive		POINT
1214.625	C:/Users/Kimberly/Desktop/Avi Score/3.avi	2227.240	29.97		Entry /Exit Pot	Reproductive		POINT
1217.052	C:/Users/Kimberly/Desktop/Avi Score/3.avi	2227.240	29.97		Chase	Aggressive		POINT
1219.213	C:/Users/Kimberly/Desktop/Avi Score/3.avi	2227.240	29.97		Lead	Reproductive		POINT
1222.724	C:/Users/Kimberly/Desktop/Avi Score/3.avi	2227.240	29.97		Dig Substrate	Reproductive		POINT
1223.537	C:/Users/Kimberly/Desktop/Avi Score/3.avi	2227.240	29.97		Dig Substrate	Reproductive		POINT
1225.424	C:/Users/Kimberly/Desktop/Avi Score/3.avi	2227.240	29.97		Dig Substrate	Reproductive		POINT
1227.042	C:/Users/Kimberly/Desktop/Avi Score/3.avi	2227.240	29.97		Dig Substrate	Reproductive		POINT
1240.275	C:/Users/Kimberly/Desktop/Avi Score/3.avi	2227.240	29.97		Foraging	Other		POINT
1244.867	C:/Users/Kimberly/Desktop/Avi Score/3.avi	2227.240	29.97		Foraging	Other		POINT
1245.672	C:/Users/Kimberly/Desktop/Avi Score/3.avi	2227.240	29.97		Foraging	Other		POINT
1247.027	C:/Users/Kimberly/Desktop/Avi Score/3.avi	2227.240	29.97		Foraging	Other		POINT
1247.567	C:/Users/Kimberly/Desktop/Avi Score/3.avi	2227.240	29.97		Foraging	Other		POINT
1249.183	C:/Users/Kimberly/Desktop/Avi Score/3.avi	2227.240	29.97		Foraging	Other		POINT
1254.585	C:/Users/Kimberly/Desktop/Avi Score/3.avi	2227.240	29.97		Chase	Aggressive		POINT
1256.473	C:/Users/Kimberly/Desktop/Avi Score/3.avi	2227.240	29.97		Foraging	Other		POINT
1265.654	C:/Users/Kimberly/Desktop/Avi Score/3.avi	2227.240	29.97		Foraging	Other		POINT
1271.052	C:/Users/Kimberly/Desktop/Avi Score/3.avi	2227.240	29.97		Foraging	Other		POINT
1272.134	C:/Users/Kimberly/Desktop/Avi Score/3.avi	2227.240	29.97		Foraging	Other		POINT
1279.157	C:/Users/Kimberly/Desktop/Avi Score/3.avi	2227.240	29.97		Entry /Exit Pot	Reproductive		POINT
1281.585	C:/Users/Kimberly/Desktop/Avi Score/3.avi	2227.240	29.97		Dig Pot	Reproductive		POINT
1286.353	C:/Users/Kimberly/Desktop/Avi Score/3.avi	2227.240	29.97		Entry /Exit Pot	Reproductive		POINT
1299.674	C:/Users/Kimberly/Desktop/Avi Score/3.avi	2227.240	29.97		Lead	Reproductive		POINT
1306.422	C:/Users/Kimberly/Desktop/Avi Score/3.avi	2227.240	29.97		Lead	Reproductive		POINT
1308.044	C:/Users/Kimberly/Desktop/Avi Score/3.avi	2227.240	29.97		Lead	Reproductive		POINT
1311.286	C:/Users/Kimberly/Desktop/Avi Score/3.avi	2227.240	29.97		Foraging	Other		POINT
1316.411	C:/Users/Kimberly/Desktop/Avi Score/3.avi	2227.240	29.97		Chase	Aggressive		POINT
1322.356	C:/Users/Kimberly/Desktop/Avi Score/3.avi	2227.240	29.97		Foraging	Other		POINT
1327.487	C:/Users/Kimberly/Desktop/Avi Score/3.avi	2227.240	29.97		Foraging	Other		POINT
1330.183	C:/Users/Kimberly/Desktop/Avi Score/3.avi	2227.240	29.97		Foraging	Other		POINT
1334.502	C:/Users/Kimberly/Desktop/Avi Score/3.avi	2227.240	29.97		Foraging	Other		POINT
1338.826	C:/Users/Kimberly/Desktop/Avi Score/3.avi	2227.240	29.97		Lead	Reproductive		POINT
1351.246	C:/Users/Kimberly/Desktop/Avi Score/3.avi	2227.240	29.97		Entry /Exit Pot	Reproductive		POINT
1352.322	C:/Users/Kimberly/Desktop/Avi Score/3.avi	2227.240	29.97		Dig Pot	Reproductive		POINT
1355.025	C:/Users/Kimberly/Desktop/Avi Score/3.avi	2227.240	29.97		Entry /Exit Pot	Reproductive		POINT
1356.640	C:/Users/Kimberly/Desktop/Avi Score/3.avi	2227.240	29.97		Chase	Aggressive		POINT
1361.232	C:/Users/Kimberly/Desktop/Avi Score/3.avi	2227.240	29.97		Foraging	Other		POINT
1365.282	C:/Users/Kimberly/Desktop/Avi Score/3.avi	2227.240	29.97		Foraging	Other		POINT
1365.821	C:/Users/Kimberly/Desktop/Avi Score/3.avi	2227.240	29.97		Chase	Aggressive		POINT
1371.762	C:/Users/Kimberly/Desktop/Avi Score/3.avi	2227.240	29.97		Foraging	Other		POINT
1374.731	C:/Users/Kimberly/Desktop/Avi Score/3.avi	2227.240	29.97		Chase	Aggressive		POINT
1388.772	C:/Users/Kimberly/Desktop/Avi Score/3.avi	2227.240	29.97		Foraging	Other		POINT
1389.312	C:/Users/Kimberly/Desktop/Avi Score/3.avi	2227.240	29.97		Foraging	Other		POINT
1404.706	C:/Users/Kimberly/Desktop/Avi Score/3.avi	2227.240	29.97		Chase	Aggressive		POINT
1406.323	C:/Users/Kimberly/Desktop/Avi Score/3.avi	2227.240	29.97		Lead	Reproductive		POINT
1409.024	C:/Users/Kimberly/Desktop/Avi Score/3.avi	2227.240	29.97		Foraging	Other		POINT
1415.776	C:/Users/Kimberly/Desktop/Avi Score/3.avi	2227.240	29.97		Chase	Aggressive		POINT
1421.445	C:/Users/Kimberly/Desktop/Avi Score/3.avi	2227.240	29.97		Chase	Aggressive		POINT
1428.192	C:/Users/Kimberly/Desktop/Avi Score/3.avi	2227.240	29.97		Chase	Aggressive		POINT
1434.402	C:/Users/Kimberly/Desktop/Avi Score/3.avi	2227.240	29.97		Entry /Exit Pot	Reproductive		POINT
1435.482	C:/Users/Kimberly/Desktop/Avi Score/3.avi	2227.240	29.97		Dig Pot	Reproductive		POINT
1444.485	C:/Users/Kimberly/Desktop/Avi Score/3.avi	2227.240	29.97		Entry /Exit Pot	Reproductive		POINT
1450.151	C:/Users/Kimberly/Desktop/Avi Score/3.avi	2227.240	29.97		Chase	Aggressive		POINT
1452.045	C:/Users/Kimberly/Desktop/Avi Score/3.avi	2227.240	29.97		Foraging	Other		POINT
1455.286	C:/Users/Kimberly/Desktop/Avi Score/3.avi	2227.240	29.97		Lead	Reproductive		POINT
1463.381	C:/Users/Kimberly/Desktop/Avi Score/3.avi	2227.240	29.97		Foraging	Other		POINT
1464.464	C:/Users/Kimberly/Desktop/Avi Score/3.avi	2227.240	29.97		Chase	Aggressive		POINT
1469.053	C:/Users/Kimberly/Desktop/Avi Score/3.avi	2227.240	29.97		Chase	Aggressive		POINT
1471.211	C:/Users/Kimberly/Desktop/Avi Score/3.avi	2227.240	29.97		Foraging	Other		POINT
1477.157	C:/Users/Kimberly/Desktop/Avi Score/3.avi	2227.240	29.97		Lead	Reproductive		POINT
1477.962	C:/Users/Kimberly/Desktop/Avi Score/3.avi	2227.240	29.97		Quiver	Reproductive		POINT
1485.256	C:/Users/Kimberly/Desktop/Avi Score/3.avi	2227.240	29.97		Chase	Aggressive		POINT
1486.331	C:/Users/Kimberly/Desktop/Avi Score/3.avi	2227.240	29.97		Chase	Aggressive		POINT
1487.682	C:/Users/Kimberly/Desktop/Avi Score/3.avi	2227.240	29.97		Chase	Aggressive		POINT
1502.262	C:/Users/Kimberly/Desktop/Avi Score/3.avi	2227.240	29.97		Lead	Reproductive		POINT
1513.062	C:/Users/Kimberly/Desktop/Avi Score/3.avi	2227.240	29.97		Chase	Aggressive		POINT
1513.874	C:/Users/Kimberly/Desktop/Avi Score/3.avi	2227.240	29.97		Foraging	Other		POINT
1515.491	C:/Users/Kimberly/Desktop/Avi Score/3.avi	2227.240	29.97		Lead	Reproductive		POINT
1521.438	C:/Users/Kimberly/Desktop/Avi Score/3.avi	2227.240	29.97		Lead	Reproductive		POINT
1527.912	C:/Users/Kimberly/Desktop/Avi Score/3.avi	2227.240	29.97		Entry /Exit Pot	Reproductive		POINT
1531.153	C:/Users/Kimberly/Desktop/Avi Score/3.avi	2227.240	29.97		Dig Pot	Reproductive		POINT
1538.621	C:/Users/Kimberly/Desktop/Avi Score/3.avi	2227.240	29.97		Entry /Exit Pot	Reproductive		POINT
1543.396	C:/Users/Kimberly/Desktop/Avi Score/3.avi	2227.240	29.97		Lead	Reproductive		POINT
1545.011	C:/Users/Kimberly/Desktop/Avi Score/3.avi	2227.240	29.97		Foraging	Other		POINT
1545.821	C:/Users/Kimberly/Desktop/Avi Score/3.avi	2227.240	29.97		Dig Substrate	Reproductive		POINT
1547.986	C:/Users/Kimberly/Desktop/Avi Score/3.avi	2227.240	29.97		Foraging	Other		POINT
1548.819	C:/Users/Kimberly/Desktop/Avi Score/3.avi	2227.240	29.97		Foraging	Other		POINT
1553.654	C:/Users/Kimberly/Desktop/Avi Score/3.avi	2227.240	29.97		Chase	Aggressive		POINT
1563.107	C:/Users/Kimberly/Desktop/Avi Score/3.avi	2227.240	29.97		Chase	Aggressive		POINT
1564.184	C:/Users/Kimberly/Desktop/Avi Score/3.avi	2227.240	29.97		Chase	Aggressive		POINT
1577.414	C:/Users/Kimberly/Desktop/Avi Score/3.avi	2227.240	29.97		Lead	Reproductive		POINT
1579.844	C:/Users/Kimberly/Desktop/Avi Score/3.avi	2227.240	29.97		Lead	Reproductive		POINT
1586.054	C:/Users/Kimberly/Desktop/Avi Score/3.avi	2227.240	29.97		Dig Substrate	Reproductive		POINT
1591.454	C:/Users/Kimberly/Desktop/Avi Score/3.avi	2227.240	29.97		Chase	Aggressive		POINT
1602.253	C:/Users/Kimberly/Desktop/Avi Score/3.avi	2227.240	29.97		Chase	Aggressive		POINT
1607.385	C:/Users/Kimberly/Desktop/Avi Score/3.avi	2227.240	29.97		Chase	Aggressive		POINT
1612.782	C:/Users/Kimberly/Desktop/Avi Score/3.avi	2227.240	29.97		Dig Substrate	Reproductive		POINT
1614.405	C:/Users/Kimberly/Desktop/Avi Score/3.avi	2227.240	29.97		Foraging	Other		POINT
1617.914	C:/Users/Kimberly/Desktop/Avi Score/3.avi	2227.240	29.97		Foraging	Other		POINT
1618.727	C:/Users/Kimberly/Desktop/Avi Score/3.avi	2227.240	29.97		Foraging	Other		POINT
1619.804	C:/Users/Kimberly/Desktop/Avi Score/3.avi	2227.240	29.97		Foraging	Other		POINT
1621.965	C:/Users/Kimberly/Desktop/Avi Score/3.avi	2227.240	29.97		Foraging	Other		POINT
1624.124	C:/Users/Kimberly/Desktop/Avi Score/3.avi	2227.240	29.97		Foraging	Other		POINT
1626.824	C:/Users/Kimberly/Desktop/Avi Score/3.avi	2227.240	29.97		Foraging	Other		POINT
1634.111	C:/Users/Kimberly/Desktop/Avi Score/3.avi	2227.240	29.97		Chase	Aggressive		POINT
1637.353	C:/Users/Kimberly/Desktop/Avi Score/3.avi	2227.240	29.97		Chase	Aggressive		POINT
1639.513	C:/Users/Kimberly/Desktop/Avi Score/3.avi	2227.240	29.97		Chase	Aggressive		POINT
1646.261	C:/Users/Kimberly/Desktop/Avi Score/3.avi	2227.240	29.97		Foraging	Other		POINT
1648.694	C:/Users/Kimberly/Desktop/Avi Score/3.avi	2227.240	29.97		Dig Substrate	Reproductive		POINT
1651.931	C:/Users/Kimberly/Desktop/Avi Score/3.avi	2227.240	29.97		Dig Substrate	Reproductive		POINT
1657.067	C:/Users/Kimberly/Desktop/Avi Score/3.avi	2227.240	29.97		Entry /Exit Pot	Reproductive		POINT
1658.952	C:/Users/Kimberly/Desktop/Avi Score/3.avi	2227.240	29.97		Dig Pot	Reproductive		POINT
1659.673	C:/Users/Kimberly/Desktop/Avi Score/3.avi	2227.240	29.97		Entry /Exit Pot	Reproductive		POINT
1663.994	C:/Users/Kimberly/Desktop/Avi Score/3.avi	2227.240	29.97		Foraging	Other		POINT
1671.641	C:/Users/Kimberly/Desktop/Avi Score/3.avi	2227.240	29.97		Chase	Aggressive		POINT
1673.531	C:/Users/Kimberly/Desktop/Avi Score/3.avi	2227.240	29.97		Chase	Aggressive		POINT
1679.203	C:/Users/Kimberly/Desktop/Avi Score/3.avi	2227.240	29.97		Chase	Aggressive		POINT
1682.177	C:/Users/Kimberly/Desktop/Avi Score/3.avi	2227.240	29.97		Chase	Aggressive		POINT
1691.086	C:/Users/Kimberly/Desktop/Avi Score/3.avi	2227.240	29.97		Chase	Aggressive		POINT
1701.347	C:/Users/Kimberly/Desktop/Avi Score/3.avi	2227.240	29.97		Dig Substrate	Reproductive		POINT
1702.964	C:/Users/Kimberly/Desktop/Avi Score/3.avi	2227.240	29.97		Dig Substrate	Reproductive		POINT
1705.122	C:/Users/Kimberly/Desktop/Avi Score/3.avi	2227.240	29.97		Dig Substrate	Reproductive		POINT
1721.052	C:/Users/Kimberly/Desktop/Avi Score/3.avi	2227.240	29.97		Chase	Aggressive		POINT
1722.404	C:/Users/Kimberly/Desktop/Avi Score/3.avi	2227.240	29.97		Entry /Exit Pot	Reproductive		POINT
1724.837	C:/Users/Kimberly/Desktop/Avi Score/3.avi	2227.240	29.97		Dig Pot	Reproductive		POINT
1726.002	C:/Users/Kimberly/Desktop/Avi Score/3.avi	2227.240	29.97		Entry /Exit Pot	Reproductive		POINT
1728.706	C:/Users/Kimberly/Desktop/Avi Score/3.avi	2227.240	29.97		Dig Substrate	Reproductive		POINT
1730.863	C:/Users/Kimberly/Desktop/Avi Score/3.avi	2227.240	29.97		Chase	Aggressive		POINT
1731.676	C:/Users/Kimberly/Desktop/Avi Score/3.avi	2227.240	29.97		Chase	Aggressive		POINT
1737.883	C:/Users/Kimberly/Desktop/Avi Score/3.avi	2227.240	29.97		Lead	Reproductive		POINT
1751.656	C:/Users/Kimberly/Desktop/Avi Score/3.avi	2227.240	29.97		Lead	Reproductive		POINT
1754.081	C:/Users/Kimberly/Desktop/Avi Score/3.avi	2227.240	29.97		Chase	Aggressive		POINT
1760.566	C:/Users/Kimberly/Desktop/Avi Score/3.avi	2227.240	29.97		Entry /Exit Pot	Reproductive		POINT
1764.614	C:/Users/Kimberly/Desktop/Avi Score/3.avi	2227.240	29.97		Dig Pot	Reproductive		POINT
1766.233	C:/Users/Kimberly/Desktop/Avi Score/3.avi	2227.240	29.97		Entry /Exit Pot	Reproductive		POINT
1772.443	C:/Users/Kimberly/Desktop/Avi Score/3.avi	2227.240	29.97		Dig Substrate	Reproductive		POINT
1773.525	C:/Users/Kimberly/Desktop/Avi Score/3.avi	2227.240	29.97		Foraging	Other		POINT
1774.333	C:/Users/Kimberly/Desktop/Avi Score/3.avi	2227.240	29.97		Foraging	Other		POINT
1777.842	C:/Users/Kimberly/Desktop/Avi Score/3.avi	2227.240	29.97		Foraging	Other		POINT
1779.731	C:/Users/Kimberly/Desktop/Avi Score/3.avi	2227.240	29.97		Dig Substrate	Reproductive		POINT
1782.432	C:/Users/Kimberly/Desktop/Avi Score/3.avi	2227.240	29.97		Foraging	Other		POINT
1784.321	C:/Users/Kimberly/Desktop/Avi Score/3.avi	2227.240	29.97		Dig Substrate	Reproductive		POINT
1788.371	C:/Users/Kimberly/Desktop/Avi Score/3.avi	2227.240	29.97		Chase	Aggressive		POINT
1789.722	C:/Users/Kimberly/Desktop/Avi Score/3.avi	2227.240	29.97		Chase	Aggressive		POINT
1791.343	C:/Users/Kimberly/Desktop/Avi Score/3.avi	2227.240	29.97		Chase	Aggressive		POINT
1793.501	C:/Users/Kimberly/Desktop/Avi Score/3.avi	2227.240	29.97		Chase	Aggressive		POINT
1799.981	C:/Users/Kimberly/Desktop/Avi Score/3.avi	2227.240	29.97		Chase	Aggressive		POINT
1802.683	C:/Users/Kimberly/Desktop/Avi Score/3.avi	2227.240	29.97		Chase	Aggressive		POINT
1804.843	C:/Users/Kimberly/Desktop/Avi Score/3.avi	2227.240	29.97		Chase	Aggressive		POINT
1808.356	C:/Users/Kimberly/Desktop/Avi Score/3.avi	2227.240	29.97		Foraging	Other		POINT
1811.592	C:/Users/Kimberly/Desktop/Avi Score/3.avi	2227.240	29.97		Foraging	Other		POINT
1813.483	C:/Users/Kimberly/Desktop/Avi Score/3.avi	2227.240	29.97		Dig Substrate	Reproductive		POINT
1814.025	C:/Users/Kimberly/Desktop/Avi Score/3.avi	2227.240	29.97		Foraging	Other		POINT
1814.561	C:/Users/Kimberly/Desktop/Avi Score/3.avi	2227.240	29.97		Foraging	Other		POINT
1822.664	C:/Users/Kimberly/Desktop/Avi Score/3.avi	2227.240	29.97		Foraging	Other		POINT
1830.766	C:/Users/Kimberly/Desktop/Avi Score/3.avi	2227.240	29.97		Chase	Aggressive		POINT
1831.843	C:/Users/Kimberly/Desktop/Avi Score/3.avi	2227.240	29.97		Chase	Aggressive		POINT
1842.375	C:/Users/Kimberly/Desktop/Avi Score/3.avi	2227.240	29.97		Dig Substrate	Reproductive		POINT
1844.533	C:/Users/Kimberly/Desktop/Avi Score/3.avi	2227.240	29.97		Foraging	Other		POINT
1845.074	C:/Users/Kimberly/Desktop/Avi Score/3.avi	2227.240	29.97		Foraging	Other		POINT
1845.882	C:/Users/Kimberly/Desktop/Avi Score/3.avi	2227.240	29.97		Foraging	Other		POINT
1849.936	C:/Users/Kimberly/Desktop/Avi Score/3.avi	2227.240	29.97		Foraging	Other		POINT
1851.012	C:/Users/Kimberly/Desktop/Avi Score/3.avi	2227.240	29.97		Foraging	Other		POINT
1851.823	C:/Users/Kimberly/Desktop/Avi Score/3.avi	2227.240	29.97		Foraging	Other		POINT
1852.364	C:/Users/Kimberly/Desktop/Avi Score/3.avi	2227.240	29.97		Foraging	Other		POINT
1853.713	C:/Users/Kimberly/Desktop/Avi Score/3.avi	2227.240	29.97		Foraging	Other		POINT
1854.793	C:/Users/Kimberly/Desktop/Avi Score/3.avi	2227.240	29.97		Foraging	Other		POINT
1858.843	C:/Users/Kimberly/Desktop/Avi Score/3.avi	2227.240	29.97		Chase	Aggressive		POINT
1863.433	C:/Users/Kimberly/Desktop/Avi Score/3.avi	2227.240	29.97		Chase	Aggressive		POINT
1867.483	C:/Users/Kimberly/Desktop/Avi Score/3.avi	2227.240	29.97		Chase	Aggressive		POINT
1886.925	C:/Users/Kimberly/Desktop/Avi Score/3.avi	2227.240	29.97		Foraging	Other		POINT
1888.272	C:/Users/Kimberly/Desktop/Avi Score/3.avi	2227.240	29.97		Foraging	Other		POINT
1889.083	C:/Users/Kimberly/Desktop/Avi Score/3.avi	2227.240	29.97		Foraging	Other		POINT
1890.163	C:/Users/Kimberly/Desktop/Avi Score/3.avi	2227.240	29.97		Foraging	Other		POINT
1890.706	C:/Users/Kimberly/Desktop/Avi Score/3.avi	2227.240	29.97		Foraging	Other		POINT
1890.974	C:/Users/Kimberly/Desktop/Avi Score/3.avi	2227.240	29.97		Foraging	Other		POINT
1891.782	C:/Users/Kimberly/Desktop/Avi Score/3.avi	2227.240	29.97		Foraging	Other		POINT
1904.474	C:/Users/Kimberly/Desktop/Avi Score/3.avi	2227.240	29.97		Dig Substrate	Reproductive		POINT
1906.093	C:/Users/Kimberly/Desktop/Avi Score/3.avi	2227.240	29.97		Dig Substrate	Reproductive		POINT
1908.251	C:/Users/Kimberly/Desktop/Avi Score/3.avi	2227.240	29.97		Dig Substrate	Reproductive		POINT
1912.841	C:/Users/Kimberly/Desktop/Avi Score/3.avi	2227.240	29.97		Dig Substrate	Reproductive		POINT
1916.081	C:/Users/Kimberly/Desktop/Avi Score/3.avi	2227.240	29.97		Foraging	Other		POINT
1916.623	C:/Users/Kimberly/Desktop/Avi Score/3.avi	2227.240	29.97		Foraging	Other		POINT
1917.166	C:/Users/Kimberly/Desktop/Avi Score/3.avi	2227.240	29.97		Foraging	Other		POINT
1920.135	C:/Users/Kimberly/Desktop/Avi Score/3.avi	2227.240	29.97		Chase	Aggressive		POINT
1921.755	C:/Users/Kimberly/Desktop/Avi Score/3.avi	2227.240	29.97		Chase	Aggressive		POINT
1928.772	C:/Users/Kimberly/Desktop/Avi Score/3.avi	2227.240	29.97		Chase	Aggressive		POINT
1932.012	C:/Users/Kimberly/Desktop/Avi Score/3.avi	2227.240	29.97		Chase	Aggressive		POINT
1934.984	C:/Users/Kimberly/Desktop/Avi Score/3.avi	2227.240	29.97		Foraging	Other		POINT
1936.336	C:/Users/Kimberly/Desktop/Avi Score/3.avi	2227.240	29.97		Foraging	Other		POINT
1937.145	C:/Users/Kimberly/Desktop/Avi Score/3.avi	2227.240	29.97		Foraging	Other		POINT
1939.035	C:/Users/Kimberly/Desktop/Avi Score/3.avi	2227.240	29.97		Foraging	Other		POINT
1944.433	C:/Users/Kimberly/Desktop/Avi Score/3.avi	2227.240	29.97		Chase	Aggressive		POINT
1952.265	C:/Users/Kimberly/Desktop/Avi Score/3.avi	2227.240	29.97		Foraging	Other		POINT
1952.801	C:/Users/Kimberly/Desktop/Avi Score/3.avi	2227.240	29.97		Foraging	Other		POINT
1953.615	C:/Users/Kimberly/Desktop/Avi Score/3.avi	2227.240	29.97		Foraging	Other		POINT
1963.331	C:/Users/Kimberly/Desktop/Avi Score/3.avi	2227.240	29.97		Dig Substrate	Reproductive		POINT
1965.223	C:/Users/Kimberly/Desktop/Avi Score/3.avi	2227.240	29.97		Dig Substrate	Reproductive		POINT
1966.846	C:/Users/Kimberly/Desktop/Avi Score/3.avi	2227.240	29.97		Foraging	Other		POINT
1967.382	C:/Users/Kimberly/Desktop/Avi Score/3.avi	2227.240	29.97		Foraging	Other		POINT
1973.591	C:/Users/Kimberly/Desktop/Avi Score/3.avi	2227.240	29.97		Foraging	Other		POINT
1981.961	C:/Users/Kimberly/Desktop/Avi Score/3.avi	2227.240	29.97		Dig Substrate	Reproductive		POINT
1983.312	C:/Users/Kimberly/Desktop/Avi Score/3.avi	2227.240	29.97		Dig Substrate	Reproductive		POINT
1992.764	C:/Users/Kimberly/Desktop/Avi Score/3.avi	2227.240	29.97		Chase	Aggressive		POINT
1994.923	C:/Users/Kimberly/Desktop/Avi Score/3.avi	2227.240	29.97		Lead	Reproductive		POINT
2000.863	C:/Users/Kimberly/Desktop/Avi Score/3.avi	2227.240	29.97		Foraging	Other		POINT
2001.674	C:/Users/Kimberly/Desktop/Avi Score/3.avi	2227.240	29.97		Foraging	Other		POINT
2006.533	C:/Users/Kimberly/Desktop/Avi Score/3.avi	2227.240	29.97		Lead	Reproductive		POINT
2008.965	C:/Users/Kimberly/Desktop/Avi Score/3.avi	2227.240	29.97		Dig Substrate	Reproductive		POINT
2015.982	C:/Users/Kimberly/Desktop/Avi Score/3.avi	2227.240	29.97		Entry /Exit Pot	Reproductive		POINT
2019.223	C:/Users/Kimberly/Desktop/Avi Score/3.avi	2227.240	29.97		Dig Pot	Reproductive		POINT
2020.396	C:/Users/Kimberly/Desktop/Avi Score/3.avi	2227.240	29.97		Entry /Exit Pot	Reproductive		POINT
2023.364	C:/Users/Kimberly/Desktop/Avi Score/3.avi	2227.240	29.97		Lead	Reproductive		POINT
2028.225	C:/Users/Kimberly/Desktop/Avi Score/3.avi	2227.240	29.97		Foraging	Other		POINT
2028.225	C:/Users/Kimberly/Desktop/Avi Score/3.avi	2227.240	29.97		Lead	Reproductive		POINT
2029.305	C:/Users/Kimberly/Desktop/Avi Score/3.avi	2227.240	29.97		Foraging	Other		POINT
2029.846	C:/Users/Kimberly/Desktop/Avi Score/3.avi	2227.240	29.97		Foraging	Other		POINT
2030.923	C:/Users/Kimberly/Desktop/Avi Score/3.avi	2227.240	29.97		Foraging	Other		POINT
2032.812	C:/Users/Kimberly/Desktop/Avi Score/3.avi	2227.240	29.97		Foraging	Other		POINT
2035.514	C:/Users/Kimberly/Desktop/Avi Score/3.avi	2227.240	29.97		Foraging	Other		POINT
2040.643	C:/Users/Kimberly/Desktop/Avi Score/3.avi	2227.240	29.97		Chase	Aggressive		POINT
2061.432	C:/Users/Kimberly/Desktop/Avi Score/3.avi	2227.240	29.97		Lead	Reproductive		POINT
2064.402	C:/Users/Kimberly/Desktop/Avi Score/3.avi	2227.240	29.97		Lead	Reproductive		POINT
2074.933	C:/Users/Kimberly/Desktop/Avi Score/3.avi	2227.240	29.97		Foraging	Other		POINT
2075.472	C:/Users/Kimberly/Desktop/Avi Score/3.avi	2227.240	29.97		Foraging	Other		POINT
2077.092	C:/Users/Kimberly/Desktop/Avi Score/3.avi	2227.240	29.97		Foraging	Other		POINT
2077.904	C:/Users/Kimberly/Desktop/Avi Score/3.avi	2227.240	29.97		Foraging	Other		POINT
2078.175	C:/Users/Kimberly/Desktop/Avi Score/3.avi	2227.240	29.97		Foraging	Other		POINT
2082.225	C:/Users/Kimberly/Desktop/Avi Score/3.avi	2227.240	29.97		Foraging	Other		POINT
2086.278	C:/Users/Kimberly/Desktop/Avi Score/3.avi	2227.240	29.97		Foraging	Other		POINT
2088.165	C:/Users/Kimberly/Desktop/Avi Score/3.avi	2227.240	29.97		Dig Substrate	Reproductive		POINT
2093.832	C:/Users/Kimberly/Desktop/Avi Score/3.avi	2227.240	29.97		Chase	Aggressive		POINT
2097.072	C:/Users/Kimberly/Desktop/Avi Score/3.avi	2227.240	29.97		Chase	Aggressive		POINT
2099.771	C:/Users/Kimberly/Desktop/Avi Score/3.avi	2227.240	29.97		Chase	Aggressive		POINT
2103.016	C:/Users/Kimberly/Desktop/Avi Score/3.avi	2227.240	29.97		Chase	Aggressive		POINT
